2574,[20-08-2025] ' BGSBU ADMISSIONS 2025-26 EXTENSION',unidata/admission/' BGSBU ADMISSIONS 2025-26 EXTENSION'.pdf,~/uniimg/newgif.gif
2573,[20-08-2025] B.Sc Nursing Self financing registration extension,unidata/admission/B.Sc Nursing Self financing registration extension.pdf,~/uniimg/newgif.gif
2572,"[04-08-2025] Counselling for Admission to BCA (Hons.) programme   
",unidata/admission/Admission Notification BCA 2025-VI.pdf,~/uniimg/newgif.gif
2571,"[01-08-2025] BCA(Hons.) Admissions Notification for Enhanced Seats
",unidata/admission/Admission Notification BCA 2025- Not-V.pdf,~/uniimg/newgif.gif
2570,"[31-07-2025] Extension in the Last date of online registration for admission to B.Sc Nursing against self financing seats -2025'
",unidata/admission/DOC-20250730-WA0012. (2).pdf,~/uniimg/newgif.gif
2569,"[31-07-2025] Extension in the Last date of Admission to UG , PG and Diploma Programmes-2025'",unidata/admission/DOC-20250730-WA0015..pdf,~/uniimg/newgif.gif
2567,"[22-07-2025] ""CUET-UG-2025 Admission Notification""",unidata/admission/DOC-20250722-WA0009. (1).pdf,~/uniimg/newgif.gif
1567,"[10-07-2025] Extension Notice for Nursing Admissions 2025-26
",unidata/admission/Extension Notice for Nursing Admissions  2025-26-1.pdf,~/uniimg/newgif.gif
567,[10-06-2025] B.Sc Nursing self financing admissions 2025,unidata/admission/B.Sc Nursing self financing admissions 2025 .pdf,~/uniimg/newgif.gif
565,[13-03-2025] CUET UG 2025 Admission Notification,unidata/admission/CUET UG 2025 Admission Notification .pdf,~/uniimg/newgif.gif
562,[22-01-2025] CUET PG 2024 Admissions Advertisement 1,unidata/admission/CUET PG 2024 Admissions Advertisement 1.pdf,~/uniimg/newgif.gif
561,[22-10-2024] | ADMISSION NOTIFICATION TO LEFT OVER SEATS IN B SC. NURSING BATCH 2024-2028 (Under Self Finance/ Self Supporting/NRI / All India Seats),unidata/admission/Admission notice BSc Nursing BATCH 2024-2028[1]SF.pdf,~/uniimg/newgif.gif
560,Selection Notification for Ph.D.. Admission 2023 based on Entrance,unidata/admission/Notification_  Selection for Ph.D. Admission 2023 based on Entrance.pdf,~/uniimg/newgif.gif
559," Provisional Selection List-II, M.Sc. Botany",unidata/admission/M.Sc. Botany List 22024.pdf,~/uniimg/newgif.gif
558,Provisionally Selected Candidates for admission to M.A Gojri & Pahari-2024,unidata/admission/Goj2sellist.pdf,~/uniimg/newgif.gif
557,"Provisional Selection list-II, M.Sc. Zoology-2024",unidata/admission/Msczol2.pdf,~/uniimg/newgif.gif
556,"Provisional Selection List-1 for M.Sc Physics,Batch-2024",unidata/admission/Department of Physics (Final selection Physics).pdf,~/uniimg/newgif.gif
555,Selection List-I for Admission to M.Sc. Botany,unidata/admission/bot2024admn.pdf,~/uniimg/newgif.gif
554,Selection List-I for Admission to M.Sc. Microbiology,unidata/admission/List 1 Provisionally Selected Applicants for MSc Microbiology-2024.pdf,~/uniimg/newgif.gif
553,Provisional Selection List of M.Sc. Environmental Science- 2024,unidata/admission/Evssel2024.pdf,~/uniimg/newgif.gif
552,Provisional Selection List of M.Sc Biotechnology 2024,unidata/admission/Provisional Selection List M.Sc Biotechnology-2024.pdf,~/uniimg/newgif.gif
551,Selection List-I for Admission to M.Sc. Zoology,unidata/admission/Sellonezol2024.pdf,~/uniimg/newgif.gif
550," LIST OF THE PROVISIONALLY SELECTED CANDIDATES FOR ADMISSION TO M.Sc. BIOTECHNOLOGY - 2024 (Through GAT-B)",unidata/admission/updatedSelection List of M.Sc Biotechnologygatb2024.pdf,~/uniimg/newgif.gif
549,"List of Applicants for Counseling/Admission in M.Sc. Zoology, 2023",unidata/admission/List-4 Zoology .pdf,~/uniimg/newgif.gif
548,"List of Applicants for Counseling/Admission in M.Sc. Zoology, 2023",unidata/admission/List-4 Zoology .pdf,~/uniimg/newgif.gif
547,Provisional List of Candidates for Admission to M.Sc. Botany [NON CUET-2023],unidata/admission/BOTANY2023NONCUET.pdf,~/uniimg/newgif.gif
546,Provisional List of Candidates for Admission to M.Sc. Environmental Sciences [NON CUET-2023],unidata/admission/List-Non CUET EVS08092023.pdf,~/uniimg/newgif.gif
545,Merit List of Candidates for Admission to M.Sc. Microbiology [NON CUET-2023],unidata/admission/Admission List-Non CUET Microbiology-2023.pdf,~/uniimg/newgif.gif
544,List-III of Provisionally selected candidates for Admission in M.Sc. Botany,unidata/admission/BOTDOC-20230828-WA0014..pdf,~/uniimg/newgif.gif
543,List-III of Provisionally selected candidates for Admission in M.Sc. Zoology,unidata/admission/List 3 Zoology .pdf,~/uniimg/newgif.gif
542,Counselling Notice for M.A. Persian-2023,"unidata/admission/Adobe Scan Aug 26, 2023 (1) (1)persian.pdf",~/uniimg/newgif.gif
541,"Merit cum counselling list for M.A. Gojri and Pahari ",unidata/admission/CamScanner 08-25-2023 16.31.53_1.pdf,~/uniimg/newgif.gif
540,List-II of Provisionally selected candidates for Admission in M.Sc. Zoology,unidata/admission/List-2 Zoology25082023.pdf,~/uniimg/newgif.gif
538,List-II of Provisionally selected candidates for Admission in M.Sc. Environmental Science,unidata/admission/List-2 EVS25082023.pdf,~/uniimg/newgif.gif
536,"Spot Admission Notification for M.A. Islamic Studies ",unidata/admission/spotadmissionmaislamicstudies.pdf,~/uniimg/newgif.gif
534,List-II of Provisionally selected candidates for Admission in M.Sc. Botany,unidata/admission/List-2 Botany25082023.pdf,~/uniimg/newgif.gif
533,List-II of Provisionally selected candidates for Admission in M.Sc. Microbiology,unidata/admission/List-2 Microbiology25082023.pdf,~/uniimg/newgif.gif
532,"List-1 of Provisionally selected candidates for Admission in M.Sc. Zoology  ",unidata/admission/List-1 Zoology23082023.pdf,~/uniimg/newgif.gif
531,"List-1 of Provisionally selected candidates for Admission in M.Sc. Environmental Science ",unidata/admission/List-1 EVS23082023.pdf,~/uniimg/newgif.gif
530,List-1 of Provisionally selected candidates for Admission in M.Sc. Botany,unidata/admission/botDOC-20230823-WA0036.pdf,~/uniimg/newgif.gif
529,List-1 of Provisionally selected candidates for Admission in M.Sc. Microbiology,unidata/admission/List-1 Microbiology23082023 (2).pdf,~/uniimg/newgif.gif
527,"Admission Counselling Notice for M.A. Islamic Studies, 2023",unidata/admission/CamScanner 08-23-2023 16.27is.pdf,~/uniimg/newgif.gif
526,Provisional list of the Candidates for admission to MCA-Programme- 2023,unidata/admission/Provisional list of the Candidates for admission to MCA-Programme- 2023.pdf,~/uniimg/newgif.gif
525,"Provisional Counselling List of Candidates for Admission to M.A. Urdu, 2023",unidata/admission/updatedProvisional List of students Urdu  2023 (1).pdf,~/uniimg/newgif.gif
524,"Provisional Selection List of  M.Sc. Biotechnology-2023 ",unidata/admission/M.Sc Biotechnology Selection List (Through University)- 2023 .docx.pdf,~/uniimg/newgif.gif
523,Provisional Counselling List for M.Sc. Physics-2023,unidata/admission/Department of Physics (selection list).pdf,~/uniimg/newgif.gif
522,"List of Candidates Provisionally Selected for Admission to 
M.Sc.-IT (Information Technology) 2023",unidata/admission/Admission List-MIT-2023.pdf,~/uniimg/newgif.gif
521,List of provisionally selected candidates for Admission to M.A. Economics Programme-2023,unidata/admission/updatedProvisional Merit List Economics.pdf,~/uniimg/newgif.gif
520,"	
List of provisionally selected candidates for Admission to M.A. Education Programme-2023",unidata/admission/MA EDUCATIONScan 22 Aug 23 15·52·45.pdf,~/uniimg/newgif.gif
519,List of provisionally selected candidates for Admission to MA English  Programme-2023,unidata/admission/MA English Admission List 2023 for upload1.pdf,~/uniimg/newgif.gif
518,Provisional List of Applicants for Counselling cum Admission to MBA-HTM,unidata/admission/htmmbaDocScanner 22-Aug-2023 2-58 pm.pdf,~/uniimg/newgif.gif
517,List of Provisionally Selected Candidates for Admission to MBA - 2023,unidata/admission/MBACamScanner 08-22-2023 14.43.50.pdf,~/uniimg/newgif.gif
515,"LIST OF THE PROVISIONALLY SELECTED CANDIDATES FOR ADMISSION TO

M. Sc. MATHEMATICS - 2023",unidata/admission/M. Sc. Mathematics Final selection List  2023 (1).pdf,~/uniimg/newgif.gif
513,Merit cum Counselling List of Applicants for Admission to M.A. Arabic Programme,unidata/admission/Sample 2023-07-26.pdf,~/uniimg/newgif.gif
512,Notification Regarding On Spot Counselling cum Admission for Integrated- MCA Programme-2023,unidata/admission/Provisional List IMCA 2023- waiting -3 On spot.pdf,~/uniimg/newgif.gif
511,Provisional Category-wise list-III of the Candidates for admission to IMCA-Programme- 2023,unidata/admission/Provisional List IMCA 2023- waiting -2.pdf,~/uniimg/newgif.gif
510,"Provisional admission list for B.Tech., Lateral Entry [NON CUET] -2023",unidata/admission/B.TECH(LATERAL ENTRY LIST).pdf,~/uniimg/newgif.gif
509,Provisional Category-wise list-II of the Candidates for admission to IMCA-Programme- 2023,unidata/admission/Provisional List IMCA 2023- waiting -1.pdf,~/uniimg/newgif.gif
508,Spot Counseling / admission to the vacant seats in undergraduate programs,unidata/admission/spot UG copy copy.pdf,~/uniimg/newgif.gif
506,"Admission Counseling Notice for B.Tech. Lateral Entry ",unidata/admission/lateral entry counselling copy-1.pdf,~/uniimg/newgif.gif
505,Provisional list of the Candidates for admission to B.A. Arabic (Hons.)-Programme- 2023,unidata/admission/baarabicMerit list 2023.pdf,~/uniimg/newgif.gif
504,Provisional admission list for B.Tech. [NON CUET] -2023,unidata/admission/noncuet2023applicant list.pdf,~/uniimg/newgif.gif
503,Entrance Test Syllabus for Ph.D. Urdu,unidata/admission/(2023-24) Entrance Test Syllabus for Ph.D. Urdu.pdf,~/uniimg/newgif.gif
502,"	
Entrance Test Syllabus for Ph.D. English",unidata/admission/(2023-24) Entrance Test Syllabus  for Ph.D. English.pdf,~/uniimg/newgif.gif
501,Entrance Test Syllabus for Ph.D. Civil Engineering,unidata/admission/(2023-24) Entrance Test Syllabus for Ph.D. Civil Engineering.pdf,~/uniimg/newgif.gif
499,Entrance Test Syllabus  for Ph.D. Electrical Engineering,unidata/admission/(2023-24) Entrance Test Syllabus  for Ph.D. Electrical Engineering.pdf,~/uniimg/newgif.gif
498,Entrance Test Syllabus  for Ph.D. Management Studies | 2023-24,unidata/admission/(2023-24) Entrance Test Syllabus  for Ph.D. Management Studies.pdf,~/uniimg/newgif.gif
497,Entrance Test Syllabus  for Ph.D. Economics|2023-24,unidata/admission/(2023-24) Entrance Test Syllabus  for Ph.D. Economics.pdf,~/uniimg/newgif.gif
496,Entrance Test Syllabus  for Ph.D. Information Technology and Engineering | 2023-24,unidata/admission/(2023-24) Entrance Test Syllabus  for Ph.D. Information Technology and Engineering.pdf,~/uniimg/newgif.gif
495,Entrance Test Syllabus for Ph.D. Arabic | 2023-24,unidata/admission/(2023-24) Entrance Test Syllabus for Ph.D. Arabic.pdf,~/uniimg/newgif.gif
493,"	
Entrance Test Syllabus for M.Sc. Physics | 2023-24",unidata/admission/Syllabus for M.Sc Physics Entrance Exam.pdf,~/uniimg/newgif.gif
492,"	
Entrance Test Syllabus for M.Sc. Biotechnology | 2023-24",unidata/admission/(2023-24) Entrance Test Syllabus for M.Sc. Biotechnology.pdf,~/uniimg/newgif.gif
491,"	
Entrance Test Syllabus for Ph.D. Education | 2023-24",unidata/admission/(2023-24) Entrance Test Syllabus  for Ph.D. Education.pdf,~/uniimg/newgif.gif
490,"	
Entrance Test Syllabus for M.Sc. Botany | 2023-24",unidata/admission/(2023-24) Entrance Test Syllabus  for M.Sc. Botany.pdf,~/uniimg/newgif.gif
489,"	
Entrance Test Syllabus for Ph.D. Botany | 2023-24",unidata/admission/(2023-24) Entrance Test Syllabus  for Ph.D. Botany.pdf,~/uniimg/newgif.gif
488,"	
Entrance Test Syllabus for Ph.D. Zoology | 2023-24",unidata/admission/(2023-24) Entrance Test Syllabus  for Ph.D. Zoology.pdf,~/uniimg/newgif.gif
487,Entrance Test Syllabus for M.Sc. Zoology | 2023-24,unidata/admission/(2023-24) Entrance Test Syllabus for M.Sc. Zoology.pdf,~/uniimg/newgif.gif
486,Entrance Test Syllabus for Ph.D. Environmental Sciences | 2023-24,unidata/admission/(2023-24) Entrance Test Syllabus for Ph.D. Environmental Sciences.pdf,~/uniimg/newgif.gif
485," Entrance Test Syllabus for Ph.D. Biotechnology | 2023-24",unidata/admission/(2023-24) Entrance Test Syllabus for Ph.D. Biotechnology.pdf,~/uniimg/newgif.gif
484,Entrance Test Syllabus for Ph.D. Hospitality and Tourism | 2023-24,unidata/admission/(2023-24) Entrance Test Syllabus for Ph.D. Hospitality  and Tourism.pdf,~/uniimg/newgif.gif
481,Entrance Test Syllabus for M.Sc. Environmental Sciences | 2023-24,unidata/admission/(Session 2023-24) Entrance Test Syllabus  for M.Sc. Environmental Sciences.pdf,~/uniimg/newgif.gif
480,Entrance Test Syllabus for Admission to  M.A. Gojri and Pahari- 2023,unidata/admission/Syllabus Entrance Gojri & Pahari.pdf,~/uniimg/newgif.gif
479,List of Provisionally Selected Candidates for Admission to B.Tech. Lateral Entry,unidata/admission/Btech lateral entry counseling.pdf,~/uniimg/newgif.gif
478,"Counselling Notice for B.Tech. Lateral Entry ",unidata/admission/counseling_lateral_entry.pdf,~/uniimg/newgif.gif
477,"List of Provisionally Selected Candidates for Admission to M.Sc. Biotechnology ",unidata/admission/New Doc 08-12-2022 14.10.pdf,~/uniimg/newgif.gif
476,"Notification regarding admission to B.Tech. Civil Engineering under SC Category ",unidata/admission/Document 87.pdf,~/uniimg/newgif.gif
475,Notification regarding Selection List-II of Provisionally Selected Candidates for Admission to M.A. Gojri and Pahari,unidata/admission/CamScanner 08-08-2022 23.23.28_1.pdf,~/uniimg/newgif.gif
474,Admission Notification for Management Seats / All India Seats for  B.Sc. (Nursing) 2022-23,unidata/admission/Nursing Admission Advt 2022-2023.pdf,~/uniimg/newgif.gif
473,"List of Provisionally Selected Candidates for Admission to M,A. Education",unidata/admission/M.A Education2022.pdf,~/uniimg/newgif.gif
472,"List of Provisionally Selected Candidates for Admission to B,Ed.",unidata/admission/B.Ed2022.pdf,~/uniimg/newgif.gif
471,"List of Provisionally Selected Candidates for Admission to M,Ed.",unidata/admission/M.Ed2022.pdf,~/uniimg/newgif.gif
470,"List of Provisionally Selected Candidates for Admission to M.Sc. Physics ",unidata/admission/Selection list Physics.pdf,~/uniimg/newgif.gif
469,"	
List of Provisionally Selected Candidates for Admission to M.A. Urdu",unidata/admission/urdu2022.pdf,~/uniimg/newgif.gif
468,List of Provisionally Selected Candidates for Admission to M.Sc. Mathematics,unidata/admission/provisionally selected list of Admission to mscMathematics 2022.pdf,~/uniimg/newgif.gif
467,List of Provisionally Selected Candidates for Admission to M.A. Islamic Studies,unidata/admission/is2022.pdf,~/uniimg/newgif.gif
466,List of Provisionally Selected Candidates for Admission to M.Sc. Microbiology,unidata/admission/Micro Admission List-1-2022 CITES03082022.pdf,~/uniimg/newgif.gif
465,"List of Provisionally Selected Candidates for Admission to M.A. English ",unidata/admission/MA English Admission List 2022 for upload 2.pdf,~/uniimg/newgif.gif
464,List of Provisionally Selected Candidates for Admission to MCA,unidata/admission/Merit MCA Notice.pdf,~/uniimg/newgif.gif
463,List of Provisionally Selected Candidates for Admission to Integrated MCA,unidata/admission/Merit IMCA Notice.pdf,~/uniimg/newgif.gif
462,List of Provisionally Selected Candidates for Admission to M.A. Persian,unidata/admission/List of Candidates MA Persian 2022.pdf,~/uniimg/newgif.gif
461,List of Provisionally Selected Candidates for Admission to B.A. Arabic (Hons.),unidata/admission/List of candidates BA Arabic 2022.pdf,~/uniimg/newgif.gif
460,List of Provisionally Selected Candidates for Admission to M.A. Arabic,unidata/admission/MA Arabic list of candidates 2022.pdf,~/uniimg/newgif.gif
459,List of Provisionally Selected Candidates for Admission to M.Sc. I.T.,unidata/admission/ADMISSION_LIST1_MSC-IT_2022.pdf,~/uniimg/newgif.gif
458,"List of Provisionally Selected Candidates for Admission to M.A. Gojri and Pahari ",unidata/admission/CamScanner 08-03-2022 12.26.47.pdf,~/uniimg/newgif.gif
457,Selection List-V for Admission to M.Sc. Biotechnology through GAT-B-2022,unidata/admission/5th Selection List  2022.pdf,~/uniimg/newgif.gif
456,"List of Provisionally Selected Candidates for Admission to M.A. Economics ",unidata/admission/Merged_document.pdf,~/uniimg/newgif.gif
455,List of Provisionally Selected Candidates for Admission to Lateral Entry to Diploma in Engineering,unidata/admission/Lateral entry Merit list 2022.pdf,~/uniimg/newgif.gif
454,List of Provisionally Selected Candidates for Admission to BBA,unidata/admission/BBA List 2022.pdf,~/uniimg/newgif.gif
453,List of Provisionally Selected Candidates for Admission to MBA-HTM,unidata/admission/list of the candidates for counselling for provisional admission to MBAHTM.pdf,~/uniimg/newgif.gif
452,List of Provisionally Selected Candidates for Admission to MBA,unidata/admission/MBA merit list2022.pdf,~/uniimg/newgif.gif
451,"List of  Provisionally Selected Candidates for Admission to B.VoC. , Tourism and Travel Management",unidata/admission/list of students provisionally selected for BVOC2022.pdf,~/uniimg/newgif.gif
450,Corrigendum regarding Selection List for Admission to B.Tech. Programme-2022,unidata/admission/Corrrigendumbtech2022.pdf,~/uniimg/newgif.gif
449,Selection List for Admission to B.Tech. Programme-2022,unidata/admission/Selection Listbtech2022.pdf,~/uniimg/newgif.gif
448,"Counseling Notice for Admission to B.Tech. Programme
 ",unidata/admission/counseling notification.pdf,~/uniimg/newgif.gif
447,Selection List-III for Admission to M.Sc. Biotechnology through GAT-B-2022,unidata/admission/3rd Selection List 2022.pdf,~/uniimg/newgif.gif
446," Entrance Test Syllabus for M.Sc. Botany ,Session 2022",unidata/admission/Entrance Test Syllabus for M.Sc. BotanySession 2022.pdf,~/uniimg/newgif.gif
445,"Entrance Test Syllabus for M.Sc. Zoology ,Session 2022",unidata/admission/entrance syllabus MSc zoology-2022.pdf,~/uniimg/newgif.gif
444,"Entrance Test Syllabus for M.Sc. Environmental Sciences,Session 2022",unidata/admission/Entrance Syllabus -EVS2022.pdf,~/uniimg/newgif.gif
443,Selection List-II for Admission to M.Sc. Biotechnology through GAT-B-2022,unidata/admission/2nd selection List 2022 .pdf,~/uniimg/newgif.gif
442,"Extension in Last Date for Submission of Admission Forms to UG, PG and Diploma Programmes ",unidata/admission/IMG-20220710-WA0032.pdf,~/uniimg/newgif.gif
441,Selection List for Admission to M.Sc. Biotechnology through GAT-B-2022,unidata/admission/Department of Biotechnology slection list 2022.pdf,~/uniimg/newgif.gif
440,"Advertisement for Admission in DBT-Supported M.Sc. Bioresources Biotechnology 
Programme through Graduate Aptitude Test-Biotechnology (GAT-B)-2022",unidata/admission/GAT-B-2022 Admission  Notification  .pdf,~/uniimg/newgif.gif
439,List of Provisionally Selected Candidates for Admission to Ph.D.- 2021,unidata/admission/Notification Ph.D. Selection List - 2021.pdf,~/uniimg/newgif.gif
438,"Admission Notification for M.Sc. Biotechnology Programme,2022 (Through GAT-B)",unidata/admission/2022GAT-B  Admission Notification.pdf,~/uniimg/newgif.gif
437,List-VIII of PROVISIONALLY SELECTED CANDIDATES FOR ADMISSION TO BSc. NURSING -2021-2022 (Under Management Seats/ All India Seats),unidata/admission/provisional merit list 8.pdf,~/uniimg/newgif.gif
436,Interview Cum Presentation Notice for Ph.D. in Arabic,unidata/admission/arabicviva Ph.D.pdf,~/uniimg/newgif.gif
435,List-VII of PROVISIONALLY SELECTED CANDIDATES FOR ADMISSION TO BSc. NURSING -2021-2022 (Under Management Seats/ All India Seats),unidata/admission/provisional merit list 07.pdf,~/uniimg/newgif.gif
434,List-VI of PROVISIONALLY SELECTED CANDIDATES FOR ADMISSION TO BSc. NURSING -2021-2022 (Under Management Seats/ All India Seats),unidata/admission/provisional merit list 06.pdf,~/uniimg/newgif.gif
433,List-V of PROVISIONALLY SELECTED CANDIDATES FOR ADMISSION TO BSc. NURSING -2021-2022 (Under Management Seats/ All India Seats),unidata/admission/provisional merit list 05.pdf,~/uniimg/newgif.gif
432,List-IV of PROVISIONALLY SELECTED CANDIDATES FOR ADMISSION TO BSc. NURSING -2021-2022 (Under Management Seats/ All India Seats),unidata/admission/List-IV of PROVISIONALLY SELECTED CANDIDATES FOR ADMISSION TO BScNURSING -2021-2022 (Under Management Seats All India Seats).pdf,~/uniimg/newgif.gif
431,List-III of PROVISIONALLY SELECTED CANDIDATES FOR ADMISSION TO BSc. NURSING -2021-2022 (Under Management Seats/ All India Seats),unidata/admission/Provisional Selection Merit 03.pdf,~/uniimg/newgif.gif
430,List-II of PROVISIONALLY SELECTED CANDIDATES FOR ADMISSION TO BSc. NURSING -2021-2022 (Under Management Seats/ All India Seats),unidata/admission/sl2nursingsf.pdf,~/uniimg/newgif.gif
428,EXTENSION IN LAST DATE FOR PROVISIONALLY SELECTED CANDIDATES FOR ADMISSION TO BSc. NURSING -2021-2022 (Under Management Seats/ All India Seats),unidata/admission/30jan0DEPT OF NURSING  ADMISSION 2020-21-4(1).pdf,~/uniimg/newgif.gif
427,EXTENSION OF LAST DATE FOR PROVISIONALLY SELECTED CANDIDATES FOR ADMISSION TO BSc. NURSING -2021-2022 (Under Management Seats/ All India Seats),unidata/admission/DEPT OF NURSING  ADMISSION 2020-21-4.pdf,~/uniimg/newgif.gif
426,Notification Regarding Postponement of Ph.D. Entrance Test -2021 and Rescheduled Date,unidata/admission/Ph.D. Test postponement Notification da.9.1.22 -.pdf,~/uniimg/newgif.gif
425,LIST OF PROVISIONALLY SELECTED CANDIDATES FOR ADMISSION TO BSc. NURSING -2021-2022 (Under Management Seats/ All India Seats),unidata/admission/BSC NURSING SELF FINANCE SELECTION LIST202122.pdf,~/uniimg/newgif.gif
424,"Detailed Notification Regarding Ph.D. Entrance Test Scheduled for January 12, 2022",unidata/admission/Notification da. 5.1.22 regd. Ph.D. Entrance Test.pdf,~/uniimg/newgif.gif
423,"Notification regarding Entrance Test for Ph.D. Programme ",unidata/admission/Ph.D. Entrance  Test  Ph.D-2021)-Advertisement.pdf,~/uniimg/newgif.gif
422,Provisioal Selection list of Various Ph.D. Programmes-2021,unidata/admission/Provisional Selection List Ph.D. 2021.pdf,~/uniimg/newgif.gif
421,"LIST OF THE PROVISIONALLY SELECTED CANDIDATES FOR 
ADMISSION TO M.Sc. BIOTECHNOLOGY - 2021 (Through University)",unidata/admission/M.Sc Biotechnology Selection List (Through University)- 2021 .pdf,~/uniimg/newgif.gif
420,5th Provisional selection list of M. Sc. Bioresources Biotechnology programme through GAT-B-2021,unidata/admission/M.Sc Biotechnology 5th Selection List-2021.pdf,~/uniimg/newgif.gif
419,4th Provisional selection list of M. Sc. Bioresources Biotechnology programme through GAT-B-2021,unidata/admission/M.Sc Biotechnology 4th Selection List -2021.pdf,~/uniimg/newgif.gif
418,3rd Provisional selection list of M. Sc. Bioresources Biotechnology programme through GAT-B-2021,unidata/admission/M.Sc Biotechnology 3rd Selection List -2021  (1).pdf,~/uniimg/newgif.gif
417,2nd Provisional selection list of M. Sc. Bioresources Biotechnology programme through GAT-B-2021,unidata/admission/M.Sc Biotechnology 2nd Selection List -2021 .pdf,~/uniimg/newgif.gif
416,PROVISIONAL SELECTION LIST FOR ADMISSION TO M.Sc. BIOTECHNOLOGY THROUGH GAT-B-2021,unidata/admission/M.Sc Biotechnology Selection List-2021 .pdf,~/uniimg/newgif.gif
414,SELECTION LIST-III OF THE PROVISIONALLY SELECTED CANDIDATES FOR ADMISSION TO M.Sc. EVS - 2021,unidata/admission/evsfinalSELECTION LIST-III-20-09-2021.pdf,~/uniimg/newgif.gif
413,SELECTION LIST-III OF THE PROVISIONALLY SELECTED CANDIDATES FOR ADMISSION TO M.Sc. Zoology - 2021,unidata/admission/finalupdatedZol. List-3 (2).pdf,~/uniimg/newgif.gif
412,SELECTION LIST-II OF THE PROVISIONALLY SELECTED CANDIDATES FOR ADMISSION TO M.Sc. Physics - 2021,unidata/admission/3nd  slection list physics (1).pdf,~/uniimg/newgif.gif
409,SELECTION LIST-III OF THE PROVISIONALLY SELECTED CANDIDATES FOR ADMISSION TO M.Sc. BOTANY - 2021,unidata/admission/3rd _SELECTION_LIST_OF_BOTANY_2021_-_Copy - Copy.pdf,~/uniimg/newgif.gif
408,Admission Notice for Management Seats/ All India Seats for B.Sc.(Nursing) : 2021-22,unidata/admission/Admission notice Nursing Management Seats 2021.pdf,~/uniimg/newgif.gif
407,SELECTION LIST-II OF THE PROVISIONALLY SELECTED CANDIDATES FOR ADMISSION TO M.Sc. PHYSICS - 2021,unidata/admission/PHYSICS SECOND SELECTION LIST.pdf,~/uniimg/newgif.gif
406,SELECTION LIST-II OF THE PROVISIONALLY SELECTED CANDIDATES FOR ADMISSION TO M.Sc. ENVIRONMENTAL SCIENCES - 2021,unidata/admission/EVS SECOND SELECTION LIST.pdf,~/uniimg/newgif.gif
405,SELECTION LIST-II OF THE PROVISIONALLY SELECTED CANDIDATES FOR ADMISSION TO M.Sc. Botany - 2021,unidata/admission/BOTANY SELECTION  LIST 02.pdf,~/uniimg/newgif.gif
404,"	
SELECTION LIST-II OF THE PROVISIONALLY SELECTED CANDIDATES FOR ADMISSION TO M.Sc. ZOOLOGY - 2021",unidata/admission/ZOOLOGY SECOND SELECTION LIST.pdf,~/uniimg/newgif.gif
403,SELECTION LIST-II OF THE PROVISIONALLY SELECTED CANDIDATES FOR ADMISSION TO M.Sc. MATHEMATICS - 2021,unidata/admission/MATHEMATICS SECOND SELECTION LIST.pdf,~/uniimg/newgif.gif
402,Advertisement and Application Form for Admission in DBT-Supported M.Sc. Bioresources Biotechnology Programme through Graduate Aptitude Test-Biotechnology (GAT-B)-2021,unidata/admission/GAT-B Admission 2021  (2).pdf,~/uniimg/newgif.gif
399,LIST OF THE PROVISIONALLY SELECTED CANDIDATES FOR ADMISSION TO M.Sc. ZOOLOGY - 2021,unidata/admission/4. FINAL SELECTION LIST ZOOLOGY 2021.pdf,~/uniimg/newgif.gif
398,LIST OF THE PROVISIONALLY SELECTED CANDIDATES FOR ADMISSION TO M.Sc. BOTANY - 2021,unidata/admission/3.  FINAL SELECTION LIST OF BOTANY 2021.pdf,~/uniimg/newgif.gif
397,LIST OF THE PROVISIONALLY SELECTED CANDIDATES FOR ADMISSION TO M.Sc. MATHEMATICS - 2021,unidata/admission/2.  FINAL SELECTION LIST MATHEMATICS 2021.pdf,~/uniimg/newgif.gif
396,LIST OF THE PROVISIONALLY SELECTED CANDIDATES FOR ADMISSION TO M.Sc. ENVIRONMENTAL SCIENCES - 2021,unidata/admission/1.  FINAL SELECTION LIST EVS 2021.pdf,~/uniimg/newgif.gif
395,LIST OF THE PROVISIONALLY SELECTED CANDIDATES FOR ADMISSION TO M.Sc. PHYSICS - 2021,unidata/admission/5.   FINAL SELECTION LIST O FPHYSICS 2021.pdf,~/uniimg/newgif.gif
394,"Notification regarding Final Evaluation Key for the Entrance Test Conducted on August 21, 2021",unidata/admission/Notification regd Final key for PG Entrance Test.pdf,~/uniimg/newgif.gif
393,"Final Answer Key for Evaluation of M.Sc. Environmental Science  Entrance Test Conducted on August 21, 2021",unidata/admission/02 KEY EVS.pdf,~/uniimg/newgif.gif
392,"Final Answer Key for Evaluation of M.Sc. Botany Entrance Test Conducted on August 21, 2021",unidata/admission/01  KEY BOTANY.pdf,~/uniimg/newgif.gif
391,"Final Answer Key for Evaluation of M.Sc. Zoology Entrance Test Conducted on August 21, 2021",unidata/admission/05 KEY ZOOLOGY.pdf,~/uniimg/newgif.gif
390,"Final Answer Key for Evaluation of M.Sc. Physics Entrance Test Conducted on August 21, 2021",unidata/admission/04 KEY PHYSICS.pdf,~/uniimg/newgif.gif
389,"Final Answer Key for Evaluation of M.Sc. Mathematics Entrance Test Conducted on August 21, 2021",unidata/admission/03 KEY MATHEMATICS.pdf,~/uniimg/newgif.gif
383,"Notification Regarding Entrance Test to Five PG programmes (Zoology, Botany, EVS,  Mathematics and Physics) for the year 2021.",unidata/admission/Notification Instructions to Entrance candidates-2021 (1).pdf,~/uniimg/newgif.gif
382,"Entrance Test Syllabus (Session 2021-22) for Ph.D. Information Technology ",unidata/admission/Entrance Test Syllabus (Session 2021-22) for Ph.D. Information Technology.pdf,~/uniimg/newgif.gif
381,"Revised Instructions for Admission to Various Academic Programmes, 2021 (For Non- Entrance Test Based Programmes)",unidata/admission/FINAL REVISED UPDATED inst (1).pdf,~/uniimg/newgif.gif
378,"Selection List for Admission to Diploma in Engineering Programme, Session 2021-22",unidata/admission/Selection List of Diploma Engineering 2021 (1).pdf,~/uniimg/newgif.gif
377,"Last date for online submission of Admission forms extended up-to August 07, 2021",unidata/admission/Extension Notification 02.pdf,~/uniimg/newgif.gif
376,Syllabus for Ph. D Entrance Test (Arabic) 2021,unidata/admission/Syllabus for Entrance Test Ph D in Arabic 2021.pdf,~/uniimg/newgif.gif
375,"Admission Notice for B.Sc. Nursing, Session 2021-22",unidata/admission/Admission notice Nursing 2021.pdf,~/uniimg/newgif.gif
374,"Last Date of submission of Online Admission Forms extended upto 31st July, 2021",unidata/admission/revised Extension Notification.pdf,~/uniimg/newgif.gif
372,Entrance Test Syllabus (Session 2021-22) for Ph.D. Electrical Engineering,unidata/admission/Entrance Test Syllabus (Session 2021-22) for Ph.D. Electrical Engineering.pdf,~/uniimg/newgif.gif
371,Entrance Test Syllabus (Session 2021-22) for Ph.D. Islamic Studies,unidata/admission/Entrance Test Syllabus (Session 2021-22) for Ph.D. Islamic Studies.pdf,~/uniimg/newgif.gif
370,Entrance Test Syllabus (Session 2021-22) for Ph.D. Computer Sciences,unidata/admission/Entrance Test Syllabus (Session 2021-22) for Ph.D. Computer Sciences.pdf,~/uniimg/newgif.gif
369,Entrance Test Syllabus (Session 2021-22) for M.Sc. Zoology,unidata/admission/Entrance Test Syllabus (Session 2021-22) for M.Sc. Zoology.pdf,~/uniimg/newgif.gif
368,Entrance Test Syllabus (Session 2021-22) for M.Sc. Mathematics,unidata/admission/Entrance Test Syllabus (Session 2021-22) for M.Sc. Mathematics.pdf,~/uniimg/newgif.gif
367,Entrance Test Syllabus (Session 2021-22) for Ph.D. Zoology,unidata/admission/Entrance Test Syllabus (Session 2021-22) for Ph.D. Zoology.pdf,~/uniimg/newgif.gif
366,Entrance Test Syllabus (Session 2021-22) for Ph.D. Urdu,unidata/admission/Entrance Test Syllabus (Session 2021-22) for Ph.D. Urdu.pdf,~/uniimg/newgif.gif
365,Entrance Test Syllabus (Session 2021-22) for Ph.D. Economics,unidata/admission/Entrance Test Syllabus (Session 2021-22) for Ph.D. Economics.pdf,~/uniimg/newgif.gif
364,Entrance Test Syllabus (Session 2021-22) for Ph.D. Information Technology and  Engineering,unidata/admission/Entrance Test Syllabus (Session 2021-22) for Ph.D. Information Technology and  Engineering.pdf,~/uniimg/newgif.gif
363,Entrance Test Syllabus (Session 2021-22) for Ph.D. Electronics and Communication Enginering,unidata/admission/Entrance Test Syllabus (Session 2021-22) for Ph.D. Electronics and Communication Enginering.pdf,~/uniimg/newgif.gif
362,Entrance Test Syllabus (Session 2021-22) for Ph.D. English,unidata/admission/Entrance Test Syllabus (Session 2021-22) for Ph.D. English.pdf,~/uniimg/newgif.gif
361,Entrance Test Syllabus (Session 2021-22) for Ph.D. Civil Engineering,unidata/admission/Entrance Test Syllabus (Session 2021-22) for Ph.D. Civil Engineering.pdf,~/uniimg/newgif.gif
360,"Revised Entrance Test Syllabus for Ph.D. Botany, Session 2021-22",unidata/admission/Revised Entrance Test Syllabus for Ph.D. Botany (Session 2021-22).pdf,~/uniimg/newgif.gif
359,Revised Entrance Test Syllabus (Session 2021-22) for Ph.D. Environmental Sciences,unidata/admission/Revised Entrance Test Syllabus (Session 2021-22) for Ph.D. Environmental Science.pdf,~/uniimg/newgif.gif
358,Entrance Test Syllabus (Session 2021-22) for Ph.D. Management Studies,unidata/admission/Entrance Test Syllabus (Session 2021-22) for Ph.D. Management Studies.pdf,~/uniimg/newgif.gif
356,Entrance Test Syllabus (Session 2021-22) for Ph.D. Biotechnology,unidata/admission/Entrance Test Syllabus (Session 2021-22) for Ph.D. Biotechnology.pdf,~/uniimg/newgif.gif
355,"Entrance Test Syllabus for M.Sc. Physics, Session 2021-22",unidata/admission/Entrance Test Syllabus (Session 2021-22) for M.Sc. Physics.pdf,~/uniimg/newgif.gif
353,"Entrance Test Syllabus for Ph.D. Hospitality and Tourism, Session 2021-22",unidata/admission/PHD Entrance Syallabus Tourism.pdf,~/uniimg/newgif.gif
352,"Entrance Test Syllabus for M.Sc. Botany, Session 2021-22",unidata/admission/Entrance test Syllabus (2021-22) for M.Sc. Botany.pdf,~/uniimg/newgif.gif
350,"Entrance Test Syllabus for M.Sc. Biotechnology,Session 2021-22",unidata/admission/M.Sc Biotechnology Entrance Syllabus-2021-converted.pdf,~/uniimg/newgif.gif
349,"Entrance Test Syllabus for M.Sc. Environmental Sciences,Session 2021-22",unidata/admission/EVS_Entrance Syllabus_FINAL-2021 (1).pdf,~/uniimg/newgif.gif
348,Academic Schedule for Counseling and Admission-2021,unidata/admission/IMG-20210709-WA0006.pdf,~/uniimg/newgif.gif
347,Admission for M.Sc. Biotechnology Programme 2021 ( through GAT-B),unidata/admission/MSc Biotechnology .pdf,~/uniimg/newgif.gif
346,Ph.D. Entrance test Syllabus (2021-22) for Mathematics,unidata/admission/Ph.D. Entrance test Syllabus (2021-22) for Mathematics.pdf,~/uniimg/newgif.gif
345,"Last Date for Admission to UG, PG and Diploma Programmes , 15th July-2021(Admission Notification No:02)",unidata/admission/Admission notification 02 2021.pdf,~/uniimg/newgif.gif
344,"Ph.D. Admission Notification, 2021",unidata/admission/PhD 2021 Admisssionnotification.pdf,~/uniimg/newgif.gif
343,Admission Prospectus-2021,unidata/admission/June 8 UPDATED PROSPECTUS_compressed.pdf,~/uniimg/newgif.gif
341,"Admission Notification for admission to UG, PG and Diploma Programmes, Session-2021",unidata/admission/Final Baba ghulam shah Badshah University admission 2021 notification 1 (2).pdf,~/uniimg/newgif.gif
340,Instructions for Admission to B.Sc. Nursing programme under NRI category,unidata/admission/0_Nursing instructions.pdf,~/uniimg/newgif.gif
339,Admission Application form for B.Sc. Nursing (Self-Finance/NRI Seats),unidata/admission/latest APPLICATION_FORM-2.pdf,~/uniimg/newgif.gif
337,"Admission Notice for Self Finance/NRi Seats for B.Sc. Nursing, 2020-21",unidata/admission/IMG-20210405-WA0009.pdf,~/uniimg/newgif.gif
336,Baba Ghulam Shah Badshah University Prospectus-2020,unidata/admission/Prospectus2020.pdf,~/uniimg/newgif.gif
335,Advertisement for M.Sc. Bioresource Biotechnology-2020 [Walk-in Admission],unidata/admission/BGSBU Advertisement for M.Sc Biotechnology-2020 [Walkin Admission].pdf,~/uniimg/newgif.gif
334,Application form for M.Sc. Bio Resource Biotechnology Programme,unidata/admission/Application form for M.Sc Biotechnology.pdf,~/uniimg/newgif.gif
331,Provisional Selection list-II for M.Sc. Bioresource Biotechnology Programme-DBT Sponsored,unidata/admission/List-2 of Provisionally Selected Candidates for Admission in MSc Bioresource Biotechnology-2020.pdf,~/uniimg/newgif.gif
330,Provisional Selection list for M.Sc. Bioresource Biotechnology Programme-DBT Sponsored,unidata/admission/List-1 of Provisionally Selected Candidates for Admission in MSc Bioresource Biotechnology-2020.pdf,~/uniimg/newgif.gif
329," 
On spot admission notification for Engineering programmes",unidata/admission/coet 2020On spot.pdf,~/uniimg/newgif.gif
328,List of Selected Candidates for Admission to Ph.D. Biotechnology Programme,unidata/admission/Ph.D. Selection list (Biotechnology) for 2020.pdf,~/uniimg/newgif.gif
327,List of Selected Candidates for Admission to Ph.D. Zoology Programme,unidata/admission/Ph.D. Zoology Selection list-2020.pdf,~/uniimg/newgif.gif
326,Application form for Admission in DBT-Supported M.Sc. Biotechnology and Bioresources,unidata/admission/Application form for M.Sc Biotechnology.pdf,~/uniimg/newgif.gif
325,"Advertisement for Admission in DBT-Supported M.Sc.Biotechnology and Bioresources programme through GAT-B,2020",unidata/admission/DBT Adv MSc Biotechnology 2020.pdf,~/uniimg/newgif.gif
324,Merit list of Candidates who applied for admission to Integrated MCA (Through CUCET),unidata/admission/Int BCA-MCA Final Merit List for Uploading CUCET-2020.pdf,~/uniimg/newgif.gif
323,Merit list of Candidates who applied for admission to MBA (Through CUCET),unidata/admission/MBA Final Merit List for Uploading CUCET-2020.pdf,~/uniimg/newgif.gif
322,Merit list of Candidates who applied for admission to MCA (Through CUCET),unidata/admission/MCA Final Merit List for Uploading CUCET-2020.pdf,~/uniimg/newgif.gif
321,Merit list of Candidates who applied for admission to M.Sc. I.T. (Through CUCET),unidata/admission/MSc IT Final Merit List for Uploading CUCET-2020.pdf,~/uniimg/newgif.gif
320,"Admission Process and Counseling Schedule for Admission to MBA, M.Sc. I.T., MCA, Integrated MCA (Through cucet)",unidata/admission/Admission Process and Counselling Schedule.pdf,~/uniimg/newgif.gif
319,List-II of Provisionally selected Candidates for Admission to MBA Programme,unidata/admission/MBA.pdf,~/uniimg/newgif.gif
318,List-II of Provisionally selected Candidates for Admission to BBA Programme,unidata/admission/BBA.pdf,~/uniimg/newgif.gif
317,List-II of Provisionally selected Candidates for Admission to M.A. Economics Programme,unidata/admission/MA Eco.pdf,~/uniimg/newgif.gif
316,List II of Provisionally selected candidates for admission to B.Tech (Lateral Entry) Civil Engineering,unidata/admission/B-Tech Lat Civil.pdf,~/uniimg/newgif.gif
315,List-II of Provisionally selected Candidates for Admission to M.A. English Programme,unidata/admission/MA English Selection list II 2020 for upload.pdf,~/uniimg/newgif.gif
314,List of Provisionally selected Candidates for Admission to M.Sc. Botany Programme,unidata/admission/2 selBotany final 2list.pdf,~/uniimg/newgif.gif
312,"Selection List-II of Provisionally selected candidates for admission to M.Sc. Mathematics (Morning, Evening,App.Mathematics), 2020",unidata/admission/selection II Maths 2020-21.pdf,~/uniimg/newgif.gif
311,"Selection List-II of Provisionally selected candidates for admission to M.A, Islamic Studies 2020",unidata/admission/ISLAMICSELECTION LIST ISLAMIC STUDIES II.pdf,~/uniimg/newgif.gif
309,"Selection List-IV of Provisionally selected candidates for admission to M.Sc. Env.Science , 2020",unidata/admission/4th merit list_evs_2020_FINAL.pdf,~/uniimg/newgif.gif
308,"Selection List-IV of Provisionally selected candidates for admission to M.Sc. Botany , 2020",unidata/admission/Botany 4th List (1).pdf,~/uniimg/newgif.gif
307,"Selection List-III of Provisionally selected candidates for admission to M.Sc. Microbiology , 2020",unidata/admission/Selected Candidates_MICROBIOLOGY_2020_List-3.pdf,~/uniimg/newgif.gif
306,"Selection List of Provisionally selected candidates for admission to Ph.D. Civil Engineering , 2020",unidata/admission/Civil PhD Selection List 2020.pdf,~/uniimg/newgif.gif
305,"	
Selection List-III of Provisionally selected candidates for admission to M.Sc. Botany , 2020",unidata/admission/7878BOTANY THIRD LIST.pdf,~/uniimg/newgif.gif
300,"Selection List-III of Provisionally selected candidates for admission to M.Sc. Env.Science , 2020",unidata/admission/EVS IIIRD MERIT LIST.pdf,~/uniimg/newgif.gif
298,Rescheduled Timing for Presentation and Interview for M.Phil./Ph.D. Biotechnology,unidata/admission/Biotech finalReschdule-List for Interview-ppt-M.Phil-PhD Biotech-2020.pdf,~/uniimg/newgif.gif
297,"Selection List-II of Provisionally selected candidates for admission to B.Tech,Civil Engg, 2020",unidata/admission/2nd Merit List B.TECH CIVIL.pdf,~/uniimg/newgif.gif
296,"Selection List-II of Provisionally selected candidates for admission to M.Sc. Zoology, 2020",unidata/admission/SECOND ADMISSION_LIST_M.Sc. Zoology-2020.pdf,~/uniimg/newgif.gif
295,"	
Selection List-II of Provisionally selected candidates for admission to B.Tech, Lateral Entry, Civil Engg, 2020",unidata/admission/2222B.Tech lateral entry civil.pdf,~/uniimg/newgif.gif
293,"Selection List-II of Provisionally selected candidates for admission to M.Sc. Env.Science , 2020",unidata/admission/2nd list _EVS-2020.pdf,~/uniimg/newgif.gif
292,"Selection List-II of Provisionally selected candidates for admission to M.Sc. Botany , 2020",unidata/admission/Botany 2 selection list.pdf,~/uniimg/newgif.gif
291,"Selection List-II of Provisionally selected candidates for admission to M.Sc. Microbiology , 2020",unidata/admission/Selected Candidates_MICROBIOLOGY_2020_List-2.pdf,~/uniimg/newgif.gif
290,Presentation Notification of Eligible candidates for admission to M.Phil./Ph.D. Programme in Biotechnology(Academic Session 2020-21),unidata/admission/List for Interview-ppt-M.Phil-PhD Biotech-2020 (1).pdf,~/uniimg/newgif.gif
289,Presentation Notification of Eligible candidates for admission to M.Phil./Ph.D. Programme in Zoology(Academic Session 2020-21),unidata/admission/List for Interview-ppt-M.Phil-PhD Zoology-2020.pdf,~/uniimg/newgif.gif
288,"Notification Regarding Applications for admissions,Session 2020-21",unidata/admission/Notice regarding Admission.pdf,~/uniimg/newgif.gif
287,Revised Guidelines for Admission to B.Sc. Nursing Programme in BGSBU Nursing Colleges,unidata/admission/Nursing Admission revised guidelines 2020.pdf,~/uniimg/newgif.gif
286,LIST OF THE PROVISIONALLY SELECTED CANDIDATES FOR ADMISSION TO Ph. D. PROGRAMME - 2020,unidata/admission/Ph.D. Selection list for 2020.pdf,~/uniimg/newgif.gif
285,Extension in Last Date for Payment of Admission fee for Fresh Batch-2020,unidata/admission/updated extension 1 admission 2020 .pdf,~/uniimg/newgif.gif
279,"List of Provisionally selected candidates for admission to Integrated MCA , 2020",unidata/admission/selection IMCA  Merit List2020 (1).pdf,~/uniimg/newgif.gif
278,"List of Provisionally selected candidates for admission to M.A. English , 2020",unidata/admission/2List of MA English Selected candidates 2020.pdf,~/uniimg/newgif.gif
277,"List of Provisionally selected candidates for admission to B.Voc (Tourism Management) , 2020",unidata/admission/B.Voc selection list 2020.pdf,~/uniimg/newgif.gif
274,"List of Provisionally selected candidates for admission to M.A. Islamic Studies , 2020",unidata/admission/updated islamicLIST OF CANDIDATES FOR MA ISLAMIC STUDIES (2).pdf,~/uniimg/newgif.gif
272,"List of Provisionally selected candidates for admission to M.A. Urdu , 2020",unidata/admission/LIST OF CANDIDATES FOR MA URDU 2020.pdf,~/uniimg/newgif.gif
271,"List of Provisionally selected candidates for admission to M.A. Arabic , 2020",unidata/admission/LIST OF CANDIDATES FOR MA ARABIC 2020.pdf,~/uniimg/newgif.gif
270,"List of Provisionally selected candidates for admission to B.A. (Hons.)Arabic , 2020",unidata/admission/LIST OF CANDIDATES FOR BA (Hons) ARABIC 2020.pdf,~/uniimg/newgif.gif
269,"List of Provisionally selected candidates for admission to MCA , 2020",unidata/admission/selection MCA Merit  List 2020.pdf,~/uniimg/newgif.gif
266,"List of Provisionally selected candidates for admission to M.A. Economics , 2020",unidata/admission/Selection MA Economics 2020.pdf,~/uniimg/newgif.gif
265,"List of Provisionally selected candidates for admission to BBA , 2020",unidata/admission/Selection BBA2020.pdf,~/uniimg/newgif.gif
264,"List of Provisionally selected candidates for admission to MBA , 2020",unidata/admission/Selection MBAMBA.pdf,~/uniimg/newgif.gif
263,"List of Provisionally selected candidates for admission to M.Sc. Applied Mathematics , 2020",unidata/admission/selection APPLIED LIST.pdf,~/uniimg/newgif.gif
262,"List of Provisionally selected candidates for admission to M.Sc. Mathematics (Evening Session) , 2020",unidata/admission/selection LIST  EVENING.pdf,~/uniimg/newgif.gif
261,"List of Provisionally selected candidates for admission to M.Sc. Mathematics (Morning Session) , 2020",unidata/admission/selection MORNING  LIST.pdf,~/uniimg/newgif.gif
259,Presentation Notification of Eligible candidates for admission to M.Phil./Ph.D. Programme in Education (Academic Session 2020-21),unidata/admission/education m.phil ph.d.pdf,~/uniimg/newgif.gif
258,"List of Provisionally selected candidates for admission to M.Sc. Zoology , 2020",unidata/admission/ADMISSION_LIST_M.Sc. Zoology-2020 (1).pdf,~/uniimg/newgif.gif
257,"List of Provisionally selected candidates for admission to M.A. Education , 2020",unidata/admission/M.A Education Final list.pdf,~/uniimg/newgif.gif
256,"List of Provisionally selected candidates for admission to M.Ed. , 2020",unidata/admission/M.ed slection list 2020.pdf,~/uniimg/newgif.gif
255,"List of Provisionally selected candidates for admission to B.Ed. , 2020",unidata/admission/B.Ed Selectio list 2020.pdf,~/uniimg/newgif.gif
254,"List of Provisionally selected candidates for admission to M.Sc. Microbiology , 2020",unidata/admission/Selected Candidates_MICROBIOLOGY_2020.pdf,~/uniimg/newgif.gif
252,"List of Provisionally selected candidates for admission to M.Sc. I.T , 2020",unidata/admission/selection it  list.pdf,~/uniimg/newgif.gif
251,"List of Provisionally selected candidates for admission to MBA (Hospitality and Tourism) , 2020",unidata/admission/MBA HT Selection list 2020.pdf,~/uniimg/newgif.gif
250,"List of Provisionally selected candidates for admission to M.Sc. Env.Science, 2020",unidata/admission/EVS ADMISSION LIST 2020_FINAL.pdf,~/uniimg/newgif.gif
249,"List of Provisionally selected candidates for admission to M.Sc. Botany, 2020",unidata/admission/BOTANY SELECT LIST 2020.pdf,~/uniimg/newgif.gif
248,"List of Provisionally selected candidates for admission to Information Technology and Engineering , 2020",unidata/admission/Selection ITE List 2020.pdf,~/uniimg/newgif.gif
247,"List of Provisionally selected candidates for admission to Electrical Engineering (Lateral Entry), 2020",unidata/admission/EE LatB.Tech Lateral Entry EE 2020.pdf,~/uniimg/newgif.gif
246,"List of Provisionally selected candidates for admission to Civil Engineering (Lateral Entry), 2020",unidata/admission/Lateral CE Selection List.pdf,~/uniimg/newgif.gif
245,"List of Provisionally selected candidates for admission to B.E. Evening (Civil Engineering ), 2020",unidata/admission/Selection B.E Evening Cil .pdf,~/uniimg/newgif.gif
242,"List of Provisionally selected candidates for admission to Computer Science and Engineering (Lateral Entry) , 2020",unidata/admission/Selection list B.Tech CSE Lateral Entry 2020.pdf,~/uniimg/newgif.gif
241,"List of Provisionally selected candidates for admission to Computer Science and Engineering , 2020",unidata/admission/Selection ListB.Tech CSE 2020 Addmission.pdf,~/uniimg/newgif.gif
240,"List of Provisionally selected candidates for admission to Diploma in Engineering (Lateral Entry) , 2020",unidata/admission/Diploma lateral entry selection list.pdf,~/uniimg/newgif.gif
239,"List of Provisionally selected candidates for admission to Diploma in Engineering , 2020",unidata/admission/3 year Diploma engg selection list.pdf,~/uniimg/newgif.gif
238,"List of Provisionally selected candidates for admission to B.Tech-Civil Engg , 2020",unidata/admission/Civil Selection List-2020.pdf,~/uniimg/newgif.gif
237,"List of Provisionally selected candidates for admission to B.Tech-E.E , 2020",unidata/admission/EE Selection List-2020.pdf,~/uniimg/newgif.gif
236,"List of Provisionally selected candidates for admission to B.Tech-ECE (Lateral Entry),2020",unidata/admission/B.Tech ECE Lateral entry 2020.pdf,~/uniimg/newgif.gif
235,"List of Provisionally selected candidates for admission to B.Tech-ECE,2020",unidata/admission/ECE Selection List-2020.pdf,~/uniimg/newgif.gif
234,Presentation Notification of Eligible candidates for admission to M.Phil./Ph.D. Programme in English(Academic Session 2020-21),unidata/admission/english mphil phd4.pdf,~/uniimg/newgif.gif
232,"List of Candidates who are eligible for Ph. D. Interview/Presentation (ISLAMIC STUDIES), 2020",unidata/admission/Ph D. Presentation Islamic Studieseligible.pdf,~/uniimg/newgif.gif
231,Eligible candidates for admission to M.Phil./Ph.D. Programme in Urdu(Academic Session 2020-21),unidata/admission/Final Eligible Candidates for M. PhilPh. D Urdu 2020.pdf,~/uniimg/newgif.gif
230,Presentation Notification of Eligible candidates for admission to M.Phil./Ph.D. Programme in Mathematics(Academic Session 2020-21),unidata/admission/mathematics Final List(2).pdf,~/uniimg/newgif.gif
229,"	
Presentation Notification of Eligible candidates for admission to Ph.D. Programme in Computer Sciences (Academic Session 2020-21)",unidata/admission/dcsmphil.pdf,~/uniimg/newgif.gif
228,Presentation Notification of Eligible candidates for admission to Ph.D. Programme in Management (Academic Session 2020-21),unidata/admission/20200904_121200.pdf,~/uniimg/newgif.gif
227,Presentation Notification of Eligible candidates for admission to Ph.D. Programme in Economics (Academic Session 2020-21),unidata/admission/20200905_110248.pdf,~/uniimg/newgif.gif
226,Revised Presentation Notification of Eligible candidates for admission to Ph.D. Programme in Information Technology (Academic Session 2020-21),unidata/admission/Revised Presentation Schedule-IT.pdf,~/uniimg/newgif.gif
225,Presentation Notification of Eligible candidates for admission to Ph.D. Programme in Arabic (Academic Session 2020-21),unidata/admission/Ph.D Arabic.pdf,~/uniimg/newgif.gif
224,Presentation Notification of Eligible candidates for admission to Ph.D. Programme in Urdu (Academic Session 2020-21),unidata/admission/Ph D Urdu 2020 (1).pdf,~/uniimg/newgif.gif
223,Presentation Notification of Eligible candidates for admission to Ph.D. Programme in Islamic Studies (Academic Session 2020-21),unidata/admission/Ph.D Islamic Studies 2020 (1).pdf,~/uniimg/newgif.gif
220," Presentation Notification of Eligible candidates for admission to M.Phil./Ph.D. Programme in Botany(Academic Session 2020-21)",unidata/admission/Botany_final_list_0_.pdf,~/uniimg/newgif.gif
219,"Last date for submission of Application for admission to UG/PG and Diploma Programmes extended to 31 July,2020",unidata/admission/Last date extension  (up to July 31 2020)of Admision 2020 (2) -(1).pdf,~/uniimg/newgif.gif
218,Admission Notification for B.Sc Nursing Programme 2020-21,unidata/admission/Nursing Admission notice 2020 website.pdf,~/uniimg/newgif.gif
217," List of Qualified candidates in written test for M.Phil/Ph.D programme(all subjects) held in March, 2020",unidata/admission/combinepdf (5).pdf,~/uniimg/newgif.gif
216,"Last date for submission of Application for admission to UG/PG and Diploma Programmes extended to 30th June,2020",unidata/admission/Last date extension of Admision 2020.pdf,~/uniimg/newgif.gif
215,"Last date for submission of Application for admission to UG/PG and Diploma Programmes is 15th May,2020",unidata/admission/Last date for Admission forms.pdf,~/uniimg/newgif.gif
214,Admission-2020 Helpdesk,unidata/admission/Helpdesk new1.pdf,~/uniimg/newgif.gif
213,List of Candidates appearing for M.Phil. / Ph.D. Entrance test at Srinagar Centre,unidata/admission/Srinagar M.Phil. Ph.D. List.pdf,~/uniimg/newgif.gif
212,Roll No of candidates appearing for Ph.D. programme entrance test in Electronics and Communication Engineering,unidata/admission/14 ECE.pdf,~/uniimg/newgif.gif
211,Roll No of candidates appearing for Ph.D. programme entrance test in Civil Engineering,unidata/admission/15 Civil.pdf,~/uniimg/newgif.gif
210,Roll No of candidates appearing for Ph.D. programme entrance test in Zoology,unidata/admission/04 Zoology.pdf,~/uniimg/newgif.gif
209,Roll No of candidates appearing for M.Phil./Ph.D. programme entrance test in Computer Sciences,unidata/admission/10 Computer Science.pdf,~/uniimg/newgif.gif
208,Roll No of candidates appearing for M.Phil./Ph.D. programme entrance test in Biotechnology,unidata/admission/03 biotechnology.pdf,~/uniimg/newgif.gif
207,Roll No of candidates appearing for M.Phil./Ph.D. programme entrance test in English,unidata/admission/06 English.pdf,~/uniimg/newgif.gif
206,Roll No of candidates appearing for M.Phil./Ph.D. programme entrance test in Urdu,unidata/admission/07 URDU.pdf,~/uniimg/newgif.gif
205,Roll No of candidates appearing for M.Phil./Ph.D. programme entrance test in Arabic,unidata/admission/08 Arabic.pdf,~/uniimg/newgif.gif
204,Roll No of candidates appearing for M.Phil./Ph.D. programme entrance test in Islamic Studies,unidata/admission/16 Islamic studies.pdf,~/uniimg/newgif.gif
203,Roll No of candidates appearing for M.Phil. programme entrance test in Hospitality and Tourism,unidata/admission/12 Tourism.pdf,~/uniimg/newgif.gif
202,Roll No of candidates appearing for M.Phil. programme entrance test in Education,unidata/admission/01 Education.pdf,~/uniimg/newgif.gif
201,Roll No of candidates appearing for M.Phil./Ph.D. programme entrance test in Management Studies,unidata/admission/13 management.pdf,~/uniimg/newgif.gif
200,Roll No of candidates appearing for M.Phil./Ph.D. programme entrance test in Information Technology,unidata/admission/11 Information Technology.pdf,~/uniimg/newgif.gif
199,Roll No of candidates appearing for M.Phil./Ph.D. programme entrance test in Economics,unidata/admission/05 Economics.pdf,~/uniimg/newgif.gif
198,Roll No of candidates appearing for M.Phil./Ph.D. programme entrance test in Botany,unidata/admission/1583613398091_02 Botany.pdf,~/uniimg/newgif.gif
197,Roll No of candidates appearing for M.Phil./Ph.D. programme entrance test in Mathematics/Applied Mathematics,unidata/admission/09 Mathematics.pdf,~/uniimg/newgif.gif
196,Press Note Regarding Revised Venue of Entrance Test for M.Phil. and Ph.D. Programme,unidata/admission/Press Note for Revised Venue of M.Phil and Ph.D Test.pdf,~/uniimg/newgif.gif
195,Revised Venue of Entrance test for M.Phil. and Ph.D. programme entrance test-2020,unidata/admission/1583515797855_entrance test (1).pdf,~/uniimg/newgif.gif
189,"Admission Application form for various PG, UG, and Diploma Programmes ",unidata/admission/Admission Application Form 2020 a.pdf,~/uniimg/newgif.gif
188,Admission Notification-2020,unidata/admission/Admission Notice 2020.pdf,~/uniimg/newgif.gif
187,Baba Ghulam Shah Badshah University Prospectus-2020,unidata/admission/Prospectus2020.pdf,~/uniimg/newgif.gif
184,Advertisement Notice for M.Phil and Ph.D Admissions 2020,unidata/admission/ADD M. Phil & Ph.D. 2020.pdf,~/uniimg/newgif.gif
182,Baba Ghulam Shah Badshah University Prospectus-2019,unidata/admission/2019 Prospectus.pdf,~/uniimg/newgif.gif
180,Application form for M.Phil Programme Entrance Test 2020,unidata/admission/M. Phil Form - 2020.pdf,~/uniimg/newgif.gif
179,Application form for PhD Programme Entrance Test 2020,unidata/admission/Ph.D Form 2020.pdf,~/uniimg/newgif.gif
173,Provisional lists on{16/9/2019}of candidate appearing for entrance test for B Sc. Nursing Scheduled on22/9/2019- Centre Kashmir,unidata/admission/admit card kashmir.pdf,~/uniimg/newgif.gif
172,Provisional lists on{16/9/2019}of candidate appearing for entrance test for B Sc. Nursing Scheduled on22/9/2019- Centre Jammu,unidata/admission/Admit card Jammu.pdf,~/uniimg/newgif.gif
171,Provisional lists on{16/9/2019}of candidate appearing for entrance test for B Sc. Nursing Scheduled on22/9/2019- Centre Rajouri,unidata/admission/Admit Card Rajouri.pdf,~/uniimg/newgif.gif
170,Provisional lists on{16/9/2019}of candidate appearing for entrance test for B Sc. Nursing Scheduled on22/9/2019- Centre Kishtwar,unidata/admission/Admit card Kishtwar.pdf,~/uniimg/newgif.gif
169,Extension in last date for filling application form for B.Sc Nursing Programme,unidata/admission/0_Nursing Add 2019 Postpone.pdf,~/uniimg/newgif.gif
168," 
Entrance test notification for admission to various PG programmes in Department of Mathematical Science",unidata/admission/maths entrance newpg.pdf,~/uniimg/newgif.gif
167,Admission notification for admission to B.Tech(Lateral Entry) and B.E (Evening) Programme,unidata/admission/Documentbe.pdf,~/uniimg/newgif.gif
166," On Spot admission notification for M.A English Programme under self finance category",unidata/admission/On Spot Admission for self financing in Englishhhh Department.pdf,~/uniimg/newgif.gif
165,On Spot admission notification for M.A English Programme,unidata/admission/On Spot Adm 2019 Notice.pdf,~/uniimg/newgif.gif
163,Admission notification for vacant seats in M.Sc Mathematics programme,unidata/admission/ZZZZZZZZZZZZZZZZZZZZZZ.pdf,~/uniimg/newgif.gif
162,Entrance Test Schedule for B.Tech Lateral Entry (Civil & Electrical) and B.E. Evening (Civil),unidata/admission/lateral Entry.pdf,~/uniimg/newgif.gif
161,Admission and Counselling Notification for B. Tech 2019,unidata/admission/councelling.pdf,~/uniimg/newgif.gif
160,Entrance test Schedule and Venue for Various PG Programmes,unidata/admission/entrance schedule for pG.pdf,~/uniimg/newgif.gif
159,"Extension of Last Date for submission of Online / Offline application forms for admission to various Post Graduate, Under Graduate & Diploma Programmes ",unidata/admission/ADVT 2019 Final.pdf,~/uniimg/newgif.gif
158,Extension of Last Date for the submission of Forms for Admission to B.Tech Programme,unidata/admission/B-Tech extension.pdf,~/uniimg/newgif.gif
157,Rescheduled date for submission of Admission form and Entrance Test for admission to B. Tech Programme,unidata/admission/B. Tech Admission 2019.pdf,~/uniimg/newgif.gif
156,Date and Venue for Entrance Test for Admission to B. Tech 2019,unidata/admission/50562.pdf,~/uniimg/newgif.gif
155,"Extension of Last Date of Admission to PG, UG and Diploma Courses. ",unidata/admission/21329.pdf,~/uniimg/newgif.gif
154,Admission Notice for B. Sc. (Nursing) 2019,unidata/admission/Nursing Add 2019.pdf,~/uniimg/newgif.gif
153,Admission Prospectus for B.Sc. Nursing -2019,unidata/admission/Nursing Prospectus for Web 2019.pdf,~/uniimg/newgif.gif
152,Admission Application Form for B.Sc. Nursing -2019,unidata/admission/NURSING APPLICATION FORM - 2019.pdf,~/uniimg/newgif.gif
149,Admission Application Form 2019,unidata/admission/Admission Application Form 2019.pdf,~/uniimg/newgif.gif
148,Baba Ghulam Shah Badshah University Prospectus-2019,unidata/admission/2019 Prospectus.pdf,~/uniimg/newgif.gif
147,BGSBU announces Admissions - 2019,unidata/admission/updated notice.pdf,~/uniimg/newgif.gif
