2763,[13-02-2026] DatesheetB.Sc. N. 2nd 3rd 4th & 5th Semesters Exam March 2026,DatesheetB.Sc. N. 2nd 3rd 4th & 5th Semesters Exam March 2026.pdf,
2762,[13-02-2026] Datesheet B.Sc. N. 3rd & 4th Supplementary Exam Feb 2026,Datesheet B.Sc. N. 3rd & 4th Supplementary Exam Feb 2026.pdf,
2759," [04-02-2025] Notice for Online Open PhD Viva voce of Mr. Khalid Mehraj, Research Scholar, Department of Management Studies on 11th Feb 2026",Notice for PhD Viva Voce of Khalid Mehraj Feb 2026.pdf,
2758,[03-02-2026] Rescheduling of examination for CSE and ITE branches(7th semester),Block chain Technologies.pdf,
2756,[27-01-2026] Postponement Notification for Theory Examinations scheduled on 29-01-2026 and 30-01-2026 for Integrated-MCA Regular Students (Semester-V) and Integrated-MCA Old Course Backlog Students (Semester-III),Postponement of Theory Examinations .pdf,
2755,( 23-01-2026) Revised date sheet: B.Voc Tourism and Travel Management,IMG-20260123-WA0029.pdf,
2754,( 23-01-2026 ) Revised Date Sheet: MBAHTM 1st & 3rd Semester,New Doc 01-23-2026 14.45.pdf,
2753,"(20-01-2026) Revised Date Sheet for End Term Theory Examinations of BCA (Semester-I) Regular course under NEP- 2020, January 2026",BCA Semester-I Date Sheet.pdf,
2752,(16-01-2026) Reschedule of Course name Object Oriented Programming using Java and notification of HSMC -EE-701 course,Reschedule and new course.pdf,
2751,"(16-01-2026) Datesheet of BBA- 1st (Regular) commencing from January 28, 2026",Datesheet of BBA 1st Semester Exam held in January 2026 R.pdf,
2750,"(15-01-2026) Date sheet Msc 3rd Semester Physics
",IMG-20260112-WA0007.pdf,
2749,"(15-01-2026) Date sheet Msc 3rd Semester
Physics",IMG-20260112-WA0008.pdf,
2746,(15-01-2026) Date Sheet of Journalism and Mass communication programme,"Date sheet Journalism and Mass Communication,1st sem 2026.pdf",
2744,"[12-01-2026] 'Datesheet MA Economics Semester I and III, Regular and Backlog 2025",Datesheet MA Economics .pdf,
2743,[30-12-2025] Corrigendum-1  of BBA -5th semester  2026,Corrigendum-1  of BBA -5th semester  2026.pdf,
2741,[30-12-2024] Date Sheet MBA Dec 2025,Date Sheet MBA Dec 2025.pdf,
2740,"[30-12-2025] Datesheet of BBA 1st, 3rd, 5th & 7th (Regular & Backlog) January 2026","Datesheet of BBA 1st, 3rd, 5th & 7th (Regular & Backlog) January 2026.pdf",
2739,"[29-12-2025] Date Sheet for End Term Theory Examinations of BCA (Semester-I) Regular course under NEP- 2020, January 2026",Datesheet BCA-I (1).pdf,
2736,"[25-12-2025] Date Sheet for End Term Theory Examinations of Integrated MCA and MCA (Odd Semesters) Regular/Backlog, January 2026",Theory Date sheet for IMCA-MCA (Odd Semesters) 2026.pdf,
2735,[24-12-2025] B.Tech theory examination date sheet,BTECH THEORY DATESHEET NEW (3)_compressed.pdf,
2733,[24-12-2025] MTech Theory datesheet,MTech Theory datesheet (1).pdf,
2732,"[22-12-2025] ph.d viva voce scheduled to be held on 29th December, 2025 , in CHT",New Doc 12-22-2025 10.19.pdf,
2731,[22-12-2025] Revised date for 29th December lab examination (1st semester),Revised date for 29th December lab examination (1st semester).pdf,
2730,[22-12-2025] Revised Dates for STAAD pro/CAD lab,"DocScanner Dec 20, 2025 21-12.pdf",
2729,"[21-12-2025] Notice for Online Open PhD Viva voce of Mr. Aabid Yousuf, Research Scholar, Department of Management studies on 30th Dec 2025",Notice for Open PhD Viva Voce of Mr. Aabid Yousuf on 30 Dec 2025.pdf,
2728,"Notice for Online Open PhD Viva voce of Mr. Aabid Yousuf, Research Scholar, Department of Management studies on 30th Dec 2025",Notice for Open PhD Viva Voce of Mr. Aabid Yousuf on 30 Dec 2025.pdf,
2727,[19-12-2025]  Revised Date Sheet for External Practical Examinations- 2025 for Integrated-MCA and MCA courses  Odd Semesters  - Regular/Backlog.,RevisedDatesheet for Regula and Backlog practical exams Dec 2025.pdf,
2725,[14-12-2025] Datasheet for STAAD Pro/ CAD Lab (Old Course),"Datesheet for STAAD Pro,CAD Lab.pdf",
2722,[14-12-2025] Revised dates for 26th December 2025 lab examination,Postponement of 26 December 2025 LabExam.pdf,
2719,[11-12-2025] Date sheet for the M.Tech Lab examination,MTech Lab Datesheet.pdf,
2718,[11-12-2025] Date sheet for the B.Tech Lab examination Dec- 2025,B.Tech Lab datesheet.pdf,
2716,[30-10-2025] Syllabus for Super 30 coaching of IAS/KAS,unidata/univexaminations/Syllabus Super30-1.pdf,~/uniimg/newgif.gif
2714,"[19-08-2025] Decision of Unfairmeans cases which are reported during January -Februrary, 2025","unidata/univexaminations/Decision of Unfairmeans caseswhich are reported during January -Februrary, 2025.pdf",~/uniimg/newgif.gif
2712,"[22-07-2025]Date Sheet for (Major Project) , 2025 for Integrated-MCA (Semester-VI & Semester-X) and MCA (4thSemester ) - (Regular) """,unidata/univexaminations/date sheet for Major Project (MCA-IMCA).pdf,~/uniimg/newgif.gif
2711,"[22-07-2025] Date Sheet for the Conduct of External Practical Examinations for Integrated-MCA  and MCA Even semesters - August 2025""",unidata/univexaminations/Date Sheet for the Conduct of External Practical Examinations.pdf,~/uniimg/newgif.gif
2710,[22-07-2025] Revised date for Cryptography and Network security (PCC-ITE-622),unidata/univexaminations/Cryptography and Network Security.pdf,~/uniimg/newgif.gif
1713,"Revised date sheets for B.Sc (N) year examinations, July-August 2025",unidata/univexaminations/year wise date sheet revised.pdf,~/uniimg/newgif.gif
1711,[19-07-2025] Revised date sheets for B.Sc (N) semester examination.,unidata/univexaminations/Revised semester date sheet.pdf,~/uniimg/newgif.gif
1710,[07-07-2025] Unfairmeans Meeting Notice for the students who involved in the Unfairmeans during conduct of the examination,unidata/univexaminations/Unfairmeans Meeting Notice for the students who involved in the Unfairmeans during conduct of the examination.pdf,~/uniimg/newgif.gif
1708,[03-06-2025]Date Sheet of MBAHTM 2nd sem,unidata/univexaminations/Date Sheet of MBAHTM 2nd sem.pdf,~/uniimg/newgif.gif
1707,"[03-06-2025] Date Sheet for End Term Examination (Regular & Backlog) of MBA-II, BBA-II and BBA-IV","unidata/univexaminations/Datesheet of MBA 2nd Semester and BBA 2nd, 4th semester Exam to be held from July 17, 2025 (1).pdf",~/uniimg/newgif.gif
1706,"[31-05-2025]""Revised Datesheet for the conduct of Even Semester End Term Examination of MCA and Integrated-MCA held in July-August-2025""

",unidata/univexaminations/Date sheet July 2025 MCA-Integrated-MCA (Even semester Examination).pdf,~/uniimg/newgif.gif
1704,[29-05-2025] Lab Datesheet for Digital Signal Processing Lab,unidata/univexaminations/DSP Lab.pdf,~/uniimg/newgif.gif
1703,[29-05-2025] Revised Date sheet Theory(4th and 6th sem) University Polytechnic,unidata/univexaminations/Revised Date sheet Theory(4th and 6th sem) University Polytechnic.pdf,~/uniimg/newgif.gif
1702,[29-05-2025] Revised Date sheer Practical (4th and 6th) University Polytechnic,unidata/univexaminations/Revised Date sheer Practical (4th and 6th) University Polytechnic.pdf,~/uniimg/newgif.gif
1701,"[27-05-2025]""Revised notice for PhD Viva Voce of Ms. Haadiya Chishti""
",unidata/univexaminations/Notice for Online Viva-Voce of HAADIYAH CHISTI-1.pdf,~/uniimg/newgif.gif
1699,[23-05-2025] Revised Major Project date - Civil department,unidata/univexaminations/Civil Major Project.pdf,~/uniimg/newgif.gif
1698,"[22-05-2025] Revised Date sheet for B. Tech Lab examination (2nd,4th,6th sem)",unidata/univexaminations/Lab.pdf.pdf,~/uniimg/newgif.gif
1696,"[22-05-2025] Fwd: Revised Date sheet for B. Tech theory examination(2nd,4th,6th sem)",unidata/univexaminations/Theory.pdf.pdf,~/uniimg/newgif.gif
1695,[22-05-2025] Pre PhD Seminar of Mr. PM Osman,unidata/univexaminations/ACE Scanner_2025_05_21.pdf,~/uniimg/newgif.gif
1694,[20-05-2025] Ph.D. presentation/viva-voce of Ms. Najmu Nissa,unidata/univexaminations/Ms Najuma Nissa Ph.D viva Re-Scheduled notification.pdf,~/uniimg/newgif.gif
1693,[20-05-2025] Date Sheet for Reappear End Term Examination (BBA-624),unidata/univexaminations/Reappear Date Sheet Reappear May 2025.pdf,~/uniimg/newgif.gif
1692,[16-05-2025] Re-Notification of End Term Examination (May 2025) Date Sheet for MBA Semester-IV (Regular) and BBA-VI (Regular and Backlog),unidata/univexaminations/Date Sheet BBA-VI and MBA-IV May 2025.pdf,~/uniimg/newgif.gif
1691," [16-05-2025] Notice regarding conduct of Summer Training Viva-voce (MBA-III & BBA-V)",unidata/univexaminations/Notice for Summer Training Report BBA and MBA 28 May 2025.pdf,~/uniimg/newgif.gif
1690,[16-05-2025] Dept of Economics Revised Datesheet Sem IV and Pre-Phd,unidata/univexaminations/Revised Datesheet Sem IV and Pre-Phd.pdf,~/uniimg/newgif.gif
1689,[16-05-2025] Notification related to Postponement / Cancellation of End Term Examinations and Summer Training Viva-voce (Department of Management Studies),unidata/univexaminations/Postponement of End term Examinations May 2025.pdf,~/uniimg/newgif.gif
1688,[16-05-2025] Datesheet 6th Practical Revised (University Polytechnic),unidata/univexaminations/Datesheet 6th Practical Revised(University Polytechnic).pdf,~/uniimg/newgif.gif
1687,[16-05-2025] Datesheet 6th theory revised(University Polytechnic),unidata/univexaminations/Datesheet 6th theory revised(University Polytechnic).pdf,~/uniimg/newgif.gif
1686,[16-05-2025] Date Sheet of MBAHTM 4th Sem from Centre for Hospitality and Tourism,unidata/univexaminations/DocScanner 16-May-2025 10-27 am.pdf,~/uniimg/newgif.gif
1685,[16-05-2025] Revised 8th semester Theory and Major Project Datesheet,unidata/univexaminations/REVISED 8th Datesheet and Major project.pdf,~/uniimg/newgif.gif
1684,"[15-05-2025] Date sheet of M.A English, 4th Semester",unidata/univexaminations/datesheet english 4th sem.pdf,~/uniimg/newgif.gif
1683,"[15-05-2025] Date sheet of 4th semester, Dept. of English",unidata/univexaminations/M.A. ENGLISH DATESHEET FINAL.pdf,~/uniimg/newgif.gif
1682,[15-05-2025] Notification regarding Examination dated 14.05.2025.,unidata/univexaminations/Notification dated 14.05.2025.pdf,~/uniimg/newgif.gif
1681,[14-05-2025] Revised Datesheet for the conduct of Even semester Theory Examination -Regular/Backlog (May-2025),unidata/univexaminations/Datesheet (2).pdf,~/uniimg/newgif.gif
1678,[09-05-2025] Revised Laboratory examination datesheet,unidata/univexaminations/Revised Lab Datesheet.pdf,~/uniimg/newgif.gif
1677,[09-05-2025] Revised Theory examination datesheet,unidata/univexaminations/Revised Theory Datesheet.pdf,~/uniimg/newgif.gif
1675,[09-05-2025] Corrigendum: Examination (May 2025) Date Sheet for BBA (Backlog),unidata/univexaminations/BBA Corrigendum Date Sheet 2025.pdf,~/uniimg/newgif.gif
1674,[09-05-2025] MBA Datesheet May 2025,unidata/univexaminations/MBA Datesheet May 2025.pdf,~/uniimg/newgif.gif
1673,"[06-05-2025] Date sheets of M.A Urdu SEM- II & SEM-IV ",unidata/univexaminations/@ mushtaq siddiqui .com (48) (1).pdf,~/uniimg/newgif.gif
1671,"[06-05-2025] Date sheet for B. Tech Lab examination(2nd,4th,6th and 8th)",unidata/univexaminations/Lab Datesheet.pdf,~/uniimg/newgif.gif
1670,"[06-05-2025] Examination (May 2025) Date Sheet for BBA Semester-2nd, 4th and 6th (Regular and Backlog)
",unidata/univexaminations/Date Sheet BBA Examinations May 2025.pdf,~/uniimg/newgif.gif
1669,"[05-05-2025] MA Economics Datesheet 2nd and 4th sem ",unidata/univexaminations/MA Economics Datesheet 2nd and 4th sem .pdf,~/uniimg/newgif.gif
1668,[05-05-2025] Pre-Ph.D. Coursework Examination. Economics Batch 2024,unidata/univexaminations/Pre-Ph.D. Coursework Examination. Economics Batch 2024.pdf,~/uniimg/newgif.gif
1667," [05-05-2025] Date sheet for B. Tech theory examination(2nd,4th,6th and 8th) New Course",unidata/univexaminations/New Course.pdf,~/uniimg/newgif.gif
1666,"[ 05-05-2025] Date sheet for B. Tech theory examination(2nd,4th,6th and 8th) Old Course",unidata/univexaminations/Old Course.pdf,~/uniimg/newgif.gif
1664,"[02-05-2025] Date sheet M.A. Education II and IV semester and B. Ed IV semester (Backlog). ",unidata/univexaminations/Adobe Scan 02-May-2025 (1).pdf,~/uniimg/newgif.gif
1663,[30-04-2025] Practical Date Sheet (Even Sem-2025) University Polytechnic (1),unidata/univexaminations/Practical Date Sheet (Even Sem-2025) University Polytechnic (1).pdf,~/uniimg/newgif.gif
1662,[30-04-2025] Theory Date Sheet (Even Semester-2025) University Polytechnic (1),unidata/univexaminations/Theory Date Sheet (Even Semester-2025) University Polytechnic (1).pdf,~/uniimg/newgif.gif
1660,"[16-04-2025] Date Sheet for B.Sc. Nursing Year wise theory Examination (session May 2025) of the students of College of Nursing Rajouri, Jammu and Kishtwar.
",unidata/univexaminations/Year wise date sheet 2025.pdf,~/uniimg/newgif.gif
1659,"
[16-04-2025] Date Sheet for B.Sc. Nursing semester wise theory Examinations (session May 2025) of the students of College of Nursing Rajouri, Jammu and Kishtwar.",unidata/univexaminations/Semester Date sheet 2025.pdf,~/uniimg/newgif.gif
1653,"[04-02-2025] Civil Computer Fundamental Postponement of External Lab examination ",unidata/univexaminations/Civil Computer Fundamental.pdf,~/uniimg/newgif.gif
1651,[31-01-2025] Rescheduled dates for External Lab Examination COET,unidata/univexaminations/Rescheduling.pdf,~/uniimg/newgif.gif
1649,[27-01-2025] Department of Education Revised Datesheet of M.A. Education Ist Semester(Regular) Jan2025,unidata/univexaminations/Revised Datesheet.pdf,~/uniimg/newgif.gif
1648,[27-01-2025] Examination of MA Islamic Studies postponed and Revised Date Sheet,"unidata/univexaminations/Revised Date Sheet Department of Islamic Studies, BGSBU 27-01-2025 (1).pdf",~/uniimg/newgif.gif
1647,[27-01-2025] Postponement of Theory Examination on account of Shab-i-Miraj holiday,unidata/univexaminations/postponement 28th Jan.pdf,~/uniimg/newgif.gif
1646,[26-01-2025] Bsc Nurisng Supplementary Exam Rescheduled Date sheets examinations 2025,unidata/univexaminations/Revised date sheets university examinations 2025.pdf,~/uniimg/newgif.gif
1644,[24-01-2025] Postponement of Theory Examination on account of Shab-i-Miraj holiday,unidata/univexaminations/Shab-i Miraj.pdf,~/uniimg/newgif.gif
1642,"[20-01-2025] Revised date sheet for BSc Nursing II-Year III year and IV year ",unidata/univexaminations/CamScanner 01-17-2025 17.11.pdf,~/uniimg/newgif.gif
1640," [14-01-2025] Date sheet for old courses EE department.",unidata/univexaminations/Datesheet oldcourse.pdf,~/uniimg/newgif.gif
1639,[14-01-2025] Rescheduling of B.Tech exam for Concrete Technology course.,unidata/univexaminations/Reschdule Concrete.pdf,~/uniimg/newgif.gif
1637,[03-01-2025] Datasheet for MBA 1st Semester Examination (Regular & Backlog) July-Dec 2024,unidata/univexaminations/pdf&rendition=1.pdf,~/uniimg/newgif.gif
1634,"[01-01-2025] Date sheet MA Gojri Pahari semester 1st &3rd ",unidata/univexaminations/Document 21.pdf,~/uniimg/newgif.gif
1633,[31-12-2024] Date Sheet MA Economics First semester,"unidata/univexaminations/DocScanner Dec 31, 2024 2-59 PM.pdf",~/uniimg/newgif.gif
1631,[31-12-2024]Date Sheet for BBA 1st Semester Examination (Regular& Backlog) June-Dec2024,unidata/univexaminations/5493d93c-913b-496d-8ebb-ba542e1e7053.pdf,~/uniimg/newgif.gif
1630,[31-12-2024]Datesheet for M. Sc ist semester physics Batch-2024.,unidata/univexaminations/ORDER1-19 (1).pdf,~/uniimg/newgif.gif
1628,[30-12-2024] Date Sheet for M. A. Education first semester,unidata/univexaminations/Adobe Scan 30 Dec 2024.pdf,~/uniimg/newgif.gif
1627,"[27-12-2024] Revised Theory B.Tech Examination Date Sheet B.Tech (1st,3rd,5th,7th semester)",unidata/univexaminations/Revised Winter 2024 Theory Datesheet.pdf,~/uniimg/newgif.gif
1626,[26-12-2024] Date Sheet Botany Semester-III,unidata/univexaminations/MSC Botany Sem III.pdf,~/uniimg/newgif.gif
1625,[26-12-2024] Date Sheet Botany Semester 1,unidata/univexaminations/Msc Botany Sem I.pdf,~/uniimg/newgif.gif
1624," [26-12-2024] Lab Examination Date Sheet B.Tech (1st,3rd,5th,7th semester)",unidata/univexaminations/Winter 2024 Lab Datesheet.pdf,~/uniimg/newgif.gif
1620,"[13-12-2024] Lab. Date-sheets of B.Tech 1st , 3rd  , 5th  & 7th  semesters  Examinations 2024","unidata/univexaminations/Lab. Date-sheets of B.Tech 1st , 3rd  , 5th  & 7th  semesters  Examinations 2024.pdf",~/uniimg/newgif.gif
1619,[06-12-2024] Revised Nursing datesheets for First and Second semester examinations,unidata/univexaminations/Revised Nursing datesheets for semester examinations.pdf,~/uniimg/newgif.gif
1616,[04-12-2024] Date sheet for MBA 3 rd semester,unidata/univexaminations/Revised date sheet MBA 3rd sem.pdf,~/uniimg/newgif.gif
1615,"[21-11-2024] | Datesheet of B.Sc. Nursing: Ist, IInd and IIIrd Semester Theory Examination (Dec, 2024)",unidata/univexaminations/2024_Datesheet_nursing.pdf,~/uniimg/newgif.gif
1614,[31-10-2024] | Datesheet for MPR-403,unidata/univexaminations/MPR-403.pdf,~/uniimg/newgif.gif
1613,"[15-10-2024] | Notification Regarding Examination Form for B.Tech. Semester-I ",unidata/univexaminations/Exam Form Noticebtech1202425.pdf,~/uniimg/newgif.gif
1612,Revised Datesheet for MIS-416,unidata/univexaminations/mis416.pdf,~/uniimg/newgif.gif
1611,Datesheet for MIS-416,unidata/univexaminations/DSMIS416.pdf,~/uniimg/newgif.gif
1610,Datesheet for MIS-403,unidata/univexaminations/dsmis403.pdf,~/uniimg/newgif.gif
1609,"Datesheet for Pre. Ph.D. Course Work, Department of Management Studies",unidata/univexaminations/prephdcwmgmnt.pdf,~/uniimg/newgif.gif
1608,"Datesheet of M.Sc. IT, Semester-II, IV",unidata/univexaminations/DSMSCIT24.pdf,~/uniimg/newgif.gif
1607,Datesheet for course code CE-422,unidata/univexaminations/CE-422 Datesheet.pdf,~/uniimg/newgif.gif
1606,"Datesheet of M.Sc. Zoology, 2nd and 4th Semester",unidata/univexaminations/msczoology22024.pdf,~/uniimg/newgif.gif
612,"Revised Datesheet for MCA,IInd Semester and IMCa-II,IV and VIIIth Semester",unidata/univexaminations/Date Sheetsc.pdf,~/uniimg/newgif.gif
611,"Datesheet for M.Sc. Microbiology, Semester-II",unidata/univexaminations/MIC-Sem-2 Revised Datesheet10052024.pdf,~/uniimg/newgif.gif
610,"Datesheet for M.Sc. Microbiology, Semester-IV",unidata/univexaminations/MIC-Sem-4 Revised-2 Datesheet10052024.pdf,~/uniimg/newgif.gif
609,"Datesheet for M.Ed., B.Ed. and M.A. Education",unidata/univexaminations/Date Sheet 2024 1.pdf,~/uniimg/newgif.gif
608,"Date sheet for B. Tech Laboratory examination(2nd,4th,6th and 8th Semesters)",unidata/univexaminations/2024 lab examination (1).pdf,~/uniimg/newgif.gif
607,Revised Schedule for Course Title:- Design and Analysis of Algorithm,unidata/univexaminations/Revised Date DAA.pdf,~/uniimg/newgif.gif
606,"Date sheet for B. Tech theory examination(2nd,4th,6th and 8th Semesters)",unidata/univexaminations/Final Datesheet 06 May 2024.pdf,~/uniimg/newgif.gif
605,"Datesheet of M.Sc. Botany, IVth Semester (Regular/ Backlog)",unidata/univexaminations/bot42024.pdf,~/uniimg/newgif.gif
604,"Datesheet of M.Sc. Botany, IInd Semester (Regular/ Backlog)",unidata/univexaminations/bot22024.pdf,~/uniimg/newgif.gif
603,"Datesheet of B.Sc. Nursing, Ist Year, IInd Year, IIIrd Year, IVth Year",unidata/univexaminations/Date sheet year wise(1)2024.pdf,~/uniimg/newgif.gif
602,"Revised Datesheet for M.A.Economics, IInd and IVth Semester, May-June, 2024",unidata/univexaminations/Revised Date sheetmaeconomics2024.pdf,~/uniimg/newgif.gif
601,"Revised Datesheet for BBA, IInd, IVth and VIth Semester, May-June, 2024",unidata/univexaminations/Revised Datesheet  BBA2462024.pdf,~/uniimg/newgif.gif
600,"	
Datesheet for M.A.Economics, IInd and IVth Semester, May-June, 2024",unidata/univexaminations/ecodatesheet.pdf,~/uniimg/newgif.gif
599,"	
Datesheet for BBA, IInd, IVth and VIth Semester, May-June, 2024",unidata/univexaminations/BBA 2nd 4th & 6th.pdf,~/uniimg/newgif.gif
598,"Datesheet for B.Sc. Nursing, Semester-I",unidata/univexaminations/Revised 1Sem time table.pdf,~/uniimg/newgif.gif
596,"Datesheet for MBA, IInd and IVth Semester, May-June, 2024",unidata/univexaminations/MBA  2nd & 4th Date sheet202425.pdf,~/uniimg/newgif.gif
595,"Datesheet for B.Sc. Nursing 2nd Semester  Examination ",unidata/univexaminations/Datesheetnur2.pdf,~/uniimg/newgif.gif
594,"Datesheet for conduct of B.Ed 3rd Semester Internship Viva -Voce (Regular &Backlog)Examination, 2024",unidata/univexaminations/B.Ed 311 datesheet.pdf,~/uniimg/newgif.gif
593,"Datesheet of B.Sc. Nursing, Supplementary Examination, I.II,III, Ivth Year",unidata/univexaminations/CamScanner 01-02-2024 14.35.pdf,~/uniimg/newgif.gif
592,"Datesheet for M.A. Gojri and Pahari, Sem-III",unidata/univexaminations/MAGOJRIDate Sheet SEM-III (2).pdf,~/uniimg/newgif.gif
591,"Datesheet for M.A. Gojri and Pahari, Sem-I",unidata/univexaminations/magojriDate Sheet SEM-I.pdf,~/uniimg/newgif.gif
590,"Datesheet of MCA,Semester-I,III and IMCA, Semester-I, III, V, VII",unidata/univexaminations/MCAIMCADATESHEET.pdf,~/uniimg/newgif.gif
589,"Datesheet of BBA, Semester- I, III, V",unidata/univexaminations/datesheetDepartment of Management Studies.pdf,~/uniimg/newgif.gif
588,"Datesheet for M.A. English,Semester -I and III ",unidata/univexaminations/MAENGDate sheet for 1st & 3rd sem 23.pdf,~/uniimg/newgif.gif
587,"Laboratory Examination Datesheet of B.Tech., Semester- I, III, V, VII",unidata/univexaminations/Lab Datesheet.pdf,~/uniimg/newgif.gif
586,Rescheduled Examination Date  of Power Engineering (PCC-EE-501),unidata/univexaminations/Reschedule.pdf,~/uniimg/newgif.gif
585,"	
Datesheet for MBA,Semester -I and III (Regular and Backlog)",unidata/univexaminations/mbaDocScanner 27 Dec 2023 3-36 pm (1).pdf,~/uniimg/newgif.gif
583,"Theory Examination Datesheet of B.Tech., Semester- I, III, V, VII",unidata/univexaminations/Theory Examination Datesheet-1-7 (1).pdf,~/uniimg/newgif.gif
582,"Datesheet for M.A. Education ,B.Ed. , M.Ed. ,Semester -I and III (Regular and Backlog)",unidata/univexaminations/Date Sheet Education Department.pdf,~/uniimg/newgif.gif
581,"Datesheet of M.A. Economics, Semester-I, III (Regular and Backlog)",unidata/univexaminations/Date sheeteco202324.pdf,~/uniimg/newgif.gif
580,"Datesheet for B.Sc. Nursing, Semester-I",unidata/univexaminations/Datesheet for B.Sc. NursingSemester-Isept2023.pdf,~/uniimg/newgif.gif
579,Pre Ph.D. course work examination notification,unidata/univexaminations/evsprephdcoursework.pdf,~/uniimg/newgif.gif
578,"Datesheet for MBA HTM, Semester-II",unidata/univexaminations/Date Sheet of MBA HTM 2 Semester .pdf,~/uniimg/newgif.gif
577,"Datesheet for M.A. English, Semester-II",unidata/univexaminations/DocScanner 20 Jul 2023 11-51 am.pdf,~/uniimg/newgif.gif
575,"Revised  laboratory Date-sheets of B.Tech (new courses)/backlog (old course) 2nd , 4th , 6th   semesters laboratory Examinations 2023",unidata/univexaminations/lab date sheet 19 Jul 2023.pdf,~/uniimg/newgif.gif
574,Revised Date Sheet for M.Sc. Physics 2nd Semester (Regular/Backlog,unidata/univexaminations/Department of Physics 2nd(revised).pdf,~/uniimg/newgif.gif
573,Date Sheet for M.Sc. Biotechnology 2nd Semester (Regular/Backlog),unidata/univexaminations/WhatsApp Image 2023-07-17 at 14.08.05.pdf,~/uniimg/newgif.gif
572,Date Sheet for M.Sc. Physics 2nd Semester (Regular/Backlog),unidata/univexaminations/Department of Physics 2nd date sheet.pdf,~/uniimg/newgif.gif
571,"Datesheet of MBA, BBA- Semester-II",unidata/univexaminations/dsmbabba.pdf,~/uniimg/newgif.gif
570,"	
In Continuation, Backlog Datesheet for B.Tech.,Semester-IV (old course)",unidata/univexaminations/ECE-422 old course.pdf,~/uniimg/newgif.gif
568,"Withheld Result Notification of 09-Mic-2020 Semester-III, Department of Microbilogy",unidata/univexaminations/Withheld Result Notification of 09-Mic-2020 Semester-IIIDepartment of Microbilogy.pdf,~/uniimg/newgif.gif
567,"M.Phil. Result Notification of Ms.Samreen Sultana, Department of Zoology",unidata/univexaminations/M.Phil Result Notification of Samreen Sultana Department of Zoology.pdf,~/uniimg/newgif.gif
566,"Datesheet for  Engineering Mechanics (Backlog), Semester-II",unidata/univexaminations/Engg. Mechanics.pdf,~/uniimg/newgif.gif
565,"Revised Datesheet of M.A. Economics, Semester-II, IV",unidata/univexaminations/reDatesheet 2&4 Sem 2023_3.pdf,~/uniimg/newgif.gif
564,"Rescheduled Datesheet of B.Tech/BE End Semester Examination due to summer vacations (Effective for papers Earlier Scheduled after May 31, 2023)",unidata/univexaminations/Revised After Vacation Datesheet.pdf,~/uniimg/newgif.gif
562,"Datesheet for M.Sc. Environmental Science, Semester-IV",unidata/univexaminations/WhatsApp Image 2023-05-17 at 11.28.17.pdf,~/uniimg/newgif.gif
561,"Revised Theory Examination Datesheet of B.Tech/BE (Regular and Backlog) for 2nd,4th,6th,8th semester",unidata/univexaminations/Theorybtechrevised Datesheet End Semester.pdf,~/uniimg/newgif.gif
560,"Practical Examination Date Sheet of B.Tech/BE for 2nd,4th,6th,8th semester",unidata/univexaminations/Practical Datesheet End Semester.pdf,~/uniimg/newgif.gif
557,"Datesheet for Diploma in Engineering (Laboratory), Semester- II, IV, VI, May-June2023",unidata/univexaminations/Datesheet Diploma Engineering (Laboratory) May-June 2023.pdf,~/uniimg/newgif.gif
556,"Datesheet for Diploma in Engineering (Theory), Semester- II, IV, VI, May-June2023",unidata/univexaminations/Datesheet Diploma Engineering (Theory) May-June2023.pdf,~/uniimg/newgif.gif
553,"	
Datesheet for M.Sc. Physics, Semester-IV",unidata/univexaminations/4thsemM.Sc Physic date-sheet.pdf,~/uniimg/newgif.gif
552,"Datesheet for B.Sc. Nursing,Ist, IInd, IIIrd and IVth Year",unidata/univexaminations/DS1234N.pdf,~/uniimg/newgif.gif
551,"Datesheet for M.Sc. IT., Semester-II, IV",unidata/univexaminations/DocScanner 4 May 2023 13-05.pdf,~/uniimg/newgif.gif
550,"Datesheet of MBA-Semester-IV, B.VoC. Semester-II,IV, VI ",unidata/univexaminations/Date sheetmbabavoc2464.pdf,~/uniimg/newgif.gif
549,"Tentative Datesheet for BBA , Semester-II,IV, VI (Regular and Backlog)",unidata/univexaminations/BBA2462023.pdf,~/uniimg/newgif.gif
548,"	
Tentative Datesheet for MBA , Semester-II,IV (Regular and Backlog)",unidata/univexaminations/MBA242023.pdf,~/uniimg/newgif.gif
547,"Datesheet for B.Sc. Nursing,Ist, IInd, IIIrd and IVth Year",unidata/univexaminations/CamScanner 04-05-2023 12.59.pdf,~/uniimg/newgif.gif
546,"Datesheet for M.Sc. Environmental Science,Semester-I",unidata/univexaminations/Datsheet for M.SC. EVS 2023.pdf,~/uniimg/newgif.gif
545,"Datesheet for Diploma in Engineering, Semester-VI, Supplemenary Examination",unidata/univexaminations/DS.pdf,~/uniimg/newgif.gif
544,"Datesheet for M.Sc. Physics, Semester -I",unidata/univexaminations/june decPhysic datesheet (1st) (1).pdf,~/uniimg/newgif.gif
543,"	
Datesheet for MBA-HTM, Semester-I & B.VoC Semester-III  ",unidata/univexaminations/HTMDocScanner 11-Jan-2023 3-15 pm.pdf,~/uniimg/newgif.gif
542,"Datesheet for MBA & BBA, Semester-I (Regular and Backlog)",unidata/univexaminations/DATESHEETMBABBA1.pdf,~/uniimg/newgif.gif
541,"Datesheet for M.Sc. Mathematics, Semester -III",unidata/univexaminations/date sheet 2022 3RD.pdf,~/uniimg/newgif.gif
540,"Datesheet for M.A. Economics, Semester-I for the session June-Dec, 2022-23",unidata/univexaminations/Adobe Scan 23 Dec 2022.pdf,~/uniimg/newgif.gif
539,"Datesheet for Pre Ph.D. Course Work, Department of Management Studies",unidata/univexaminations/DocScanner 22 Dec 2022 4-43 pm.pdf,~/uniimg/newgif.gif
538,"Datesheet for B.Tech. Semester-VII (Backlog, old course)",unidata/univexaminations/btech sem7backlog.pdf,~/uniimg/newgif.gif
537,"Revised Datesheet for BBA, Semester-V for the session June-Dec, 2022-23",unidata/univexaminations/bbarevised202223.pdf,~/uniimg/newgif.gif
536,Datesheet for B.Tech. Semester-I (Backlog) New Course,unidata/univexaminations/dsbl202223.pdf,~/uniimg/newgif.gif
535,Datesheet for 1st Semester Diploma Engineering (Regular and Backlog) Lab Courses,unidata/univexaminations/1st Practical Datesheet.pdf,~/uniimg/newgif.gif
534,Datesheet for 3rd and 5th Semester Diploma Engineering (Regular and Backlog),unidata/univexaminations/3rd & 5th Datesheet.pdf,~/uniimg/newgif.gif
533,Datesheet for B.Tech. Semester-VII (New Course),unidata/univexaminations/7thsembtech.pdf,~/uniimg/newgif.gif
532,Datesheet for B.Tech. Semester-III (New Course),unidata/univexaminations/3rdSem.pdf,~/uniimg/newgif.gif
531,Datesheet for B.Tech. Semester-I (New Course),unidata/univexaminations/First Sem.pdf,~/uniimg/newgif.gif
530,"Datesheet for Odd Semester End Examination for the students of Integrated-MCA (1st, 3rd and 5th semester) and MCA (1st and 3rd Semester) to be held in December, 2022",unidata/univexaminations/datesheet dec 2022.pdf,~/uniimg/newgif.gif
529,"Revised Datesheet for B.Tech. Practical Examination  Semester I,III, V ( Earlier Scheduled on January 12,13 2023)",unidata/univexaminations/Revised Practical Date Sheet.pdf,~/uniimg/newgif.gif
528,"Revised Datesheet for B.Tech. Semester I,V ( Earlier Scheduled on December 16, 2022)",unidata/univexaminations/Revised Theory Date Sheet.pdf,~/uniimg/newgif.gif
527,"	
Datesheet for MBA, Semester-III for the session June-Dec, 2022-23",unidata/univexaminations/MBA3202223.pdf,~/uniimg/newgif.gif
526,"	
Datesheet for BBA, Semester-III for the session June-Dec, 2022-23",unidata/univexaminations/BBA3202223.pdf,~/uniimg/newgif.gif
525,"	
Datesheet for BBA, Semester-V for the session June-Dec, 2022-23",unidata/univexaminations/BBA5202223.pdf,~/uniimg/newgif.gif
524,"Datesheet for MBA-HTM, Semester-III, B.VoC. (Semester-I,V) for the session June-Dec, 2022-23",unidata/univexaminations/HTMBVOC153.pdf,~/uniimg/newgif.gif
523,"Datesheet for M.Sc. Physics, Semester-III for the session June-Dec, 2022-23",unidata/univexaminations/Physics datesheet 3rd202223.pdf,~/uniimg/newgif.gif
522,"	
Datesheet for M.A. Economics, Semester-III for the session June-Dec, 2022-23",unidata/univexaminations/ECO3RD202223.pdf,~/uniimg/newgif.gif
521,"	
Datesheet for M.Sc. Environmental Science, Semester-III for the session 2022-23",unidata/univexaminations/My Doc - 998960.pdf,~/uniimg/newgif.gif
520,Datesheet for M.Sc. I.T. Odd Semesters (First/Third) for the session 2022-23,unidata/univexaminations/DateSheet-MIT-I-III-2022.pdf,~/uniimg/newgif.gif
519,"	
Datesheet for B.Tech.(New Course) Lab Examination",unidata/univexaminations/Lab Date Sheet New Course.pdf,~/uniimg/newgif.gif
518,"Datesheet for B.Tech. (Old Course Lab Examination, Semester -VIi (Backlog)",unidata/univexaminations/Lab DateSheet Old Course.pdf,~/uniimg/newgif.gif
517,"Datesheet for B.Tech. (Old Course), Examination, Semester- III,V, VII (Backlog)",unidata/univexaminations/Theory Date Sheet Old Course.pdf,~/uniimg/newgif.gif
516,"Datesheet for B.Tech. (New Course), Examination, Semester -V (Regular and Backlog)",unidata/univexaminations/Rev-Date Sheet Semester V B.Tech. Regular & Backlog Exam. Dec.-Jan2022-23r.pdf,~/uniimg/newgif.gif
515,"Datesheet for M.Sc. Physics, Semester -II",unidata/univexaminations/2nd datesheet.pdf,~/uniimg/newgif.gif
514,"Datesheet for M.Sc. Physics, Semester -IV",unidata/univexaminations/ph2022Datesheet-4th.pdf,~/uniimg/newgif.gif
513,"Datesheet for MBA-HTM, B.VoC- Semester -II",unidata/univexaminations/DocScanner 25-Jul-2022 11-52 am.pdf,~/uniimg/newgif.gif
512,"Datesheet for M.A. Economics, Semester-II",unidata/univexaminations/DocScanner 18 Jul 2022 12-21 pm.pdf,~/uniimg/newgif.gif
511,"Datesheet for BBA, Semester-II",unidata/univexaminations/DocScanner 18 Jul 2022 12-23 pm.pdf,~/uniimg/newgif.gif
510,"Datesheet for MBA, Semester-II",unidata/univexaminations/DocScanner 18 Jul 2022 12-24 pm.pdf,~/uniimg/newgif.gif
509,"Datesheet for B.Tech., Semester -VII (Backlog, New Course) Special Exam ",unidata/univexaminations/CamScanner 06-23-2022 10.50.23_3.pdf,~/uniimg/newgif.gif
508,"Datesheet for Ph.D. Course Work Examination, Environmental Science",unidata/univexaminations/CamScanner 05-27-2022 12.18.pdf,~/uniimg/newgif.gif
507,"Datesheet for Ph.D. Course Work Examination, Department of Botany",unidata/univexaminations/Adobe Scan 27-May-2022.pdf,~/uniimg/newgif.gif
506,"Revised Datesheet for Major Project, B.Tech. ITE,CE, Semester-VIII",unidata/univexaminations/IMG-20220527-WA0004 (1).pdf,~/uniimg/newgif.gif
505,"Datesheet for MBAHTM, Semester-IV, B.VoC- Semester-IV,VI",unidata/univexaminations/DocScanner 22-May-2022 8-54 am.pdf,~/uniimg/newgif.gif
504,"Datesheet for M.A. Islamic Studies, Semester-II",unidata/univexaminations/ISSEM2.pdf,~/uniimg/newgif.gif
503,"Datesheet for M.A. Islamic Studies, Semester-IV",unidata/univexaminations/ISsem4.pdf,~/uniimg/newgif.gif
502,"Datesheet for M.A. Economics, Semester-IV",unidata/univexaminations/CamScanner 05-24-2022 15.52.51_1.pdf,~/uniimg/newgif.gif
500,"Datesheet for BBA, Semester-VI (Regular and Backlog)",unidata/univexaminations/BBA6DocScanner May 23 2022 2-45 PM.pdf,~/uniimg/newgif.gif
499,"Datesheet for BBA, Semester-IV (Regular and Backlog)",unidata/univexaminations/BBA4DocScanner May 232022 2-44 PM.pdf,~/uniimg/newgif.gif
498,"Datesheet for MBA, Semester-IV",unidata/univexaminations/MBA4DocScanner May 23 2022 2-43 PM.pdf,~/uniimg/newgif.gif
495,"Datesheet for M.Sc. IT, Semester-II, IV",unidata/univexaminations/My Doc - 760384.pdf,~/uniimg/newgif.gif
493,"Ph.D. Viva-Voce Notification of Ms. Samiksha Sharma, Department of English",unidata/univexaminations/Notice for Samiksha Viva-Voce Examination (Online).pdf,~/uniimg/newgif.gif
492,"Datesheet for Lab Examination of B.Tech./B.E. Evening 2nd, 4th,6th,8th Semester (New course)",unidata/univexaminations/newcourserevised.pdf,~/uniimg/newgif.gif
491,"Datesheet for Lab Examination of B.Tech./B.E. Evening 2nd, 4th,6th,8th  Semester (old course)",unidata/univexaminations/changeoldcourse.pdf,~/uniimg/newgif.gif
488,"Datesheet for B.Tech. /B.E. Evening, 2nd,4th,6th and 8th Semester Examination(Regular, old course)",unidata/univexaminations/B.Tech 2022 Final.pdf,~/uniimg/newgif.gif
487,"Datesheet for M.Sc. Physics, Semester-III (Remaining Subjects)",unidata/univexaminations/Physics Date sheet(Remaining).pdf,~/uniimg/newgif.gif
486,"Datesheet for Laboratory Examination of  B.Tech./B.E., Semester-III, V (New Course)","unidata/univexaminations/Updated New Course Lab Datesheet 3rd,5th(Odd Semester-2021)Dated 30-03-2022.pdf",~/uniimg/newgif.gif
485,"Datesheet for Laboratory Examination of  B.Tech., Semester-V (old course, Backlog)",unidata/univexaminations/Updated OLD course Lab Datesheet 5th Semester(Odd Semester-2021)Dated 30-03-2022.pdf,~/uniimg/newgif.gif
484,"Datesheet for M.Sc. Env. Science, Semester-III (Remaining Subjects)",unidata/univexaminations/IMG-20220329-WA0002 (1).pdf,~/uniimg/newgif.gif
483,"Datesheet for M.Sc. Botany, Semester-III (Remaining Subjects)",unidata/univexaminations/Adobe Scan 28-Mar-2022.pdf,~/uniimg/newgif.gif
482,"Datesheet for MBA, Semester-III",unidata/univexaminations/DocScanner 24 Mar 2022 4-04 pm.pdf,~/uniimg/newgif.gif
481,"Datesheet for MBA, BBA, Semester-III, III and V respectively",unidata/univexaminations/DocScanner 24 Mar 2022 3-04 pm.pdf,~/uniimg/newgif.gif
480,"Datesheet for M.A. Economics, Semester-III",unidata/univexaminations/DocScanner 24 Mar 2022 3-04 pm.pdf,~/uniimg/newgif.gif
479,"Datesheet for BBA, Semester-III, V",unidata/univexaminations/DocScanner 23 Mar 2022 4-19 pm.pdf,~/uniimg/newgif.gif
478,"Datesheet for B.VoC, Semester-III",unidata/univexaminations/DocScanner 16-Mar-2022 10-24 am.pdf,~/uniimg/newgif.gif
477,"Datesheet for B.Sc. Nursing, (Ist, IInd, IIIrd, IVth Year)Theory Examination for College of Nursing Rajouri, Jammu, Kishtwar",unidata/univexaminations/exam date sheetNursing college.pdf,~/uniimg/newgif.gif
476,"Datesheet for M.Sc. Physics, Semester-I",unidata/univexaminations/Datesheet Ist.pdf,~/uniimg/newgif.gif
475,"Ph.D. Viva Voce Notification of Mr. Khalid Hussain Mir, Department of Islamic Studies",unidata/univexaminations/PhD viva Khalid Feb 08 2022.pdf,~/uniimg/newgif.gif
474,"Datesheet for M.Sc.Environmental Science, Semester-I",unidata/univexaminations/IMG-20220210-WA0001.pdf,~/uniimg/newgif.gif
473,"Datesheet for B.Ed., Semester-I",unidata/univexaminations/Datesheet for B.Ed..pdf,~/uniimg/newgif.gif
472,"Datesheet for M.Ed., Semester-I",unidata/univexaminations/Datesheet for M.Ed Sem-I.pdf,~/uniimg/newgif.gif
471,"Datesheet for M.A. Education, Semester-I",unidata/univexaminations/Datesheet for MA ED SEMI.pdf,~/uniimg/newgif.gif
470,"Datesheet for MBA-HTM, Semester-I",unidata/univexaminations/IMG-20220208-WA0006.pdf,~/uniimg/newgif.gif
468,"Datesheet for M.Sc. I.T., Semester-I",unidata/univexaminations/DateSheetMIT-First-20212023.pdf,~/uniimg/newgif.gif
467,"Datesheet for M.A. Economics, Semester-I (Regular & Backlog)",unidata/univexaminations/datesheet for MA Eco sem-i2021dec.pdf,~/uniimg/newgif.gif
466,"Datesheet for MBA, BBA, Semester-I",unidata/univexaminations/Document 104.pdf,~/uniimg/newgif.gif
464,"Datesheet for M.Sc. Physics, Semester-III",unidata/univexaminations/M.Sc Physics Date Sheet.pdf,~/uniimg/newgif.gif
463,"Notification Regarding Postponement of Examination of BBA, Semester-V",unidata/univexaminations/bbapostponeexam.pdf,~/uniimg/newgif.gif
462,"Datesheet for M.Sc. Mathematics, Semester-III",unidata/univexaminations/DATE SHEET SEM 032021 22  coloured.pdf,~/uniimg/newgif.gif
461,"Datesheet for MBAHTM, Semester-III and B.VoC. Semester-III and V",unidata/univexaminations/ScannerGo_11-1-2022-12.24.34.981.pdf,~/uniimg/newgif.gif
460,"DateSheet for B.Tech. Laboratory Examination Backlogs (Old Course), Sem-I & Semester-V",unidata/univexaminations/OLD course Lab Datesheet Ist3rd5th(Odd Semester-2021).pdf,~/uniimg/newgif.gif
459,"Date Sheet for B.Tech/B.E.. Laboratory Examination (New Course), Semester-I,III,V",unidata/univexaminations/New Course Lab Datesheet Ist3rd5th(Odd Semester-2021).pdf,~/uniimg/newgif.gif
458,"Date Sheet for B.Tech. End-of-Semester - I (Old-Course)
Examination (Backlog) January, 2022",unidata/univexaminations/Date Sheet B.Tech Semester - I Theory Old Course Backlog Jan 2022.pdf,~/uniimg/newgif.gif
457,"Date Sheet for B.Tech. End-of-Semester - I (New Course)
Examination (Regular / Backlog) January, 2022",unidata/univexaminations/Date Sheet B.TechSemester - I Theory New Course Regular_Backlog Exam Jan 2022.pdf,~/uniimg/newgif.gif
456,"Ph.D. Viva Voce Notification of Mr. Zafar Iqbal Nahvi, Department of Urdu",unidata/univexaminations/ph.d viva 1 (1).pdf,~/uniimg/newgif.gif
455,"Ph.D. Viva Voce Notification of Mr. Irfan Ahmed Thoker, Department of Urdu",unidata/univexaminations/ph.d viva 2.pdf,~/uniimg/newgif.gif
454,"Datesheet for B.Ed., M.A. Education and M.Ed., Semester-III and Semester-IV (Backlog)",unidata/univexaminations/datesheet educationwebsite.pdf,~/uniimg/newgif.gif
453,"Datesheet for M.A. English, Semester-III",unidata/univexaminations/Date sheet for MA English 3rd sem 202122ny.pdf,~/uniimg/newgif.gif
452,"B.Tech/B.E. Semester-VII, Date Sheet for Laboratory Examination, (New Course)",unidata/univexaminations/Lab-DateSheet7th-sem-2021-Newcourseadadda.pdf,~/uniimg/newgif.gif
451,"B.Tech. Semester-VII, Date Sheet for Laboratory Examination, (Backlog,Old Course) ",unidata/univexaminations/Lab-DateSheet7th-sem-2021-oldcours12332e.pdf,~/uniimg/newgif.gif
450,"Datesheet for M.Sc. Biotechnology, Semester-III",unidata/univexaminations/Date sheet M.Sc Biotechnology (3rd Sem)  .pdf,~/uniimg/newgif.gif
449,"Datesheet for MBA, Semester-III and BBA, Semester-III and V",unidata/univexaminations/CamScanner 12-21-2021 11.15.42.pdf,~/uniimg/newgif.gif
448,"Datesheet of M.A. Economics, Semester-III",unidata/univexaminations/MA ECONOMICS SEM-3.pdf,~/uniimg/newgif.gif
447,Revised Datesheet of B.Tech./B.E. Semester-VII (New Course),unidata/univexaminations/Revised 7th sem.pdf,~/uniimg/newgif.gif
446,"Datesheet for M.Sc. I.T., Semester-III",unidata/univexaminations/Examination Notificationmscit202122.pdf,~/uniimg/newgif.gif
445,"Datesheet for M.Sc. Environmental Sciences, Semester-III",unidata/univexaminations/IMG-20211217-WA0003.pdf,~/uniimg/newgif.gif
444,"Datesheet for M.Sc. Botany, Semester-III",unidata/univexaminations/Datesheetbotany202122.pdf,~/uniimg/newgif.gif
443,"Date Sheet for B.Tech. End-of-Semester - VII (Old Course)
Examination (Backlog) Dec.-Jan., 2021-2022",unidata/univexaminations/Final Date Sheet B.Tech. Semester - VII Old Course Dec.-Jan. 2021-2022.pdf,~/uniimg/newgif.gif
442,"Date Sheet for B.Tech. End-of-Semester – V (Old Course)
Examination (Backlog) Dec.-Jan., 2021-202",unidata/univexaminations/Final Date Sheet B.Tech. Semester -V Old Course Dec.-Jan. 2021-2022.pdf,~/uniimg/newgif.gif
441,"Date Sheet for B.Tech. End-of-Semester - III (Old Course) Examination (Backlog) Dec.-Jan., 2021-2022",unidata/univexaminations/Final Date Sheet B.Tech. Semester - III Old Course Dec.-Jan. 2021-2022.pdf,~/uniimg/newgif.gif
440,"Revised Date Sheet for B.Tech./B.E. End-of-Semester - V (New Course)
Examination (Regular / Backlog) Dec.-Jan., 2021-2022",unidata/univexaminations/revised Date Sheet B.Tech B.E. Semester V New Course Dec-Jan. 2021-2022-R.pdf,~/uniimg/newgif.gif
439,"Date Sheet for B.Tech./B.E. End-of-Semester - VII (New Course)
Examination (Regular / Backlog) Dec.-Jan., 2021-2022",unidata/univexaminations/Date Sheet B.Tech B.E. Semester VII New Course Dec-Jan. 2021-2022.pdf,~/uniimg/newgif.gif
438,"Date Sheet for B.Tech./B.E. End-of-Semester - III (New Course)
Examination (Regular / Backlog) Dec.-Jan., 2021-2022",unidata/univexaminations/Date Sheet B.Tech B.E. Semester III New Course Dec-Jan. 2021-2022.pdf,~/uniimg/newgif.gif
437,"Date Sheet for B.Tech./B.E. End-of-Semester - V (New Course)
Examination (Regular / Backlog) Dec.-Jan., 2021-2022",unidata/univexaminations/Date Sheet B.Tech B.E. Semester V New Course Dec-Jan. 2021-2022.pdf,~/uniimg/newgif.gif
434,"Revised Datesheet for B.Sc. Nursing,Year-I,II,III & IV (Rajouri, Jammu and Kishtwar colleges of Nursing)",unidata/univexaminations/rdsncjkr.pdf,~/uniimg/newgif.gif
432,"Ph.D. Viva Voce Notification of Ms.Zabina Koser, Department of Arabic",unidata/univexaminations/Viva Ph. D Arabic.pdf,~/uniimg/newgif.gif
431,"Revised Datesheet for B.Voc, Semester-IV",unidata/univexaminations/IMG_20211001_123234 (1).pdf,~/uniimg/newgif.gif
430,"M.Phil. Viva Voce Notification of Ms. Taslima Sheikh, Department of Zoology",unidata/univexaminations/Admin Website 20-Aug-2021.pdf,~/uniimg/newgif.gif
429,"Datesheet of MBA, BBA , odd semester Examination (  For students who could not submit the response due to technical issues)",unidata/univexaminations/datembabba sheet.pdf,~/uniimg/newgif.gif
428,"Viva-Voce of Mr. Yasir Ahmad Khanday , Ph.D. Scholar, Department of English is Postponed",unidata/univexaminations/Intimation for viva of Yasir Ahmad Khanday.pdf,~/uniimg/newgif.gif
427,Viva-Voce Examination Notification of BBA-615,unidata/univexaminations/BBA Viva notification_1.pdf,~/uniimg/newgif.gif
425,"Ph.D. Viva Voce Notification of Mr. Yasir Khanday, Department of English",unidata/univexaminations/new notice (2)phdeng.pdf,~/uniimg/newgif.gif
424,"Datesheet for M.Phil. Management Studies, Semester-I",unidata/univexaminations/CamScanner 07-28-2021 15.32.47.pdf,~/uniimg/newgif.gif
423,"Datesheet for M.Sc. Mathematics, Semester-II (Morning, Evening, Applied Mathematics)",unidata/univexaminations/2.   DATE SHEET  SECOND  SEM2021 (1).pdf,~/uniimg/newgif.gif
422,"Datesheet for M.Sc. Mathematics, Semester-II (Morning, Evening, Applied Mathematics)",unidata/univexaminations/2.   DATE SHEET  SECOND  SEM2021 (1).pdf,~/uniimg/newgif.gif
421,"Datesheet for M.Sc. Mathematics, Semester-II (Morning, Evening, Applied Mathematics)","unidata/univexaminations/2.   DATE SHEET  SECOND  SEM, 2021 (1).pdf",~/uniimg/newgif.gif
419,Revised Date of Examination for Course Code: Mgt-246,unidata/univexaminations/CamScanner 07-12-2021 14.49.09.pdf,~/uniimg/newgif.gif
418,"Datesheet for M.Sc. Mathematics, Semester-IV",unidata/univexaminations/mds4.pdf,~/uniimg/newgif.gif
417," Pre submission presentation notification of Ms. Nafeesa Mushtaq , Ph.D. Economics",unidata/univexaminations/pre submission presentation notice Nafeesa Mushtaq.pdf,~/uniimg/newgif.gif
416,"Datesheet of M.A. Economics, Semester-II (Regular and Backlog)",unidata/univexaminations/MA Economics Date Sheet  2nd  sem July 2021.pdf,~/uniimg/newgif.gif
413,Revised Date Sheet of M.A Urdu 2nd Semester July 2021,unidata/univexaminations/Revised Date Sheet of M.A urdu 2nd Semester July 2021.pdf,~/uniimg/newgif.gif
412,"Datesheet of M.Sc. Environmental Sciences, Semester-II (Theory and Lab Course)",unidata/univexaminations/examination notification EVS IInd Semester_1.pdf,~/uniimg/newgif.gif
411,"Datesheet of MCA and IMCA, Semester-II (Theory and Lab Examination)",unidata/univexaminations/1625064389543_Final Datesheet 2021 (July).pdf,~/uniimg/newgif.gif
410,"Datesheet of M.A. Islamic Studies, Semester-II",unidata/univexaminations/CamScanner 06-30-2021 14.21.38_4.pdf,~/uniimg/newgif.gif
409,"Datesheet for conduct of MCQ based online Theory Examinations of students of MBA-HTM, Semester-II",unidata/univexaminations/dsmbahtmsem2.pdf,~/uniimg/newgif.gif
408,"Datesheet for conduct of MCQ based online Theory Examinations of students of B.Voc 2nd semester (July 2021, Regular and Backlog).",unidata/univexaminations/Date Sheet B.Voc 2nd.pdf,~/uniimg/newgif.gif
407,"Datesheet for MBA, BBA (Regular and Backlog Examination), Semester-II",unidata/univexaminations/Date sheet MBA and BBA 2nd.pdf,~/uniimg/newgif.gif
406,"Date-Sheet for Pre-PhD Examination in Computer Sciences, Batch 2020",unidata/univexaminations/Datesheet Pre PHD july 2021 (1).pdf,~/uniimg/newgif.gif
405,"M.Phil. Viva Voce Notification of Mr. Aamir Ahmad Teeli, Department of Economics",unidata/univexaminations/mphil11.pdf,~/uniimg/newgif.gif
404,"M.Phil. Viva Voce Notification of Mr. Aamir Ahmad Teeli, Department of Economics",unidata/univexaminations/mphil11.pdf,~/uniimg/newgif.gif
403,"M.Phil. Viva Voce Notification of Mr. Aabid Suhail, Department of Economics",unidata/univexaminations/mphil.pdf,~/uniimg/newgif.gif
402,Ph.D. and M.Phil. Viva Voce Notification of Ms. Azra Mufti and Mr.Tawseef Ahmed Parray . Respectively,unidata/univexaminations/1624383372776_1624383303217_CamScanner 06-22-2021 23.01.11.pdf,~/uniimg/newgif.gif
400,"Revised Datesheet for Conduct of Theory Examination for B.Tech, Semester-II ",unidata/univexaminations/Updated-Date Sheet-Regular-II Semester-pdf.pdf,~/uniimg/newgif.gif
399,"	
Date sheet for M.Sc. IT, Semester-IV",unidata/univexaminations/Date Sheet-Fourth Semester-MIT-June-2021.pdf,~/uniimg/newgif.gif
398,"Date sheet for M.Sc. IT, Semester-II",unidata/univexaminations/Date Sheet-Second Semester-MIT-July-2021.pdf,~/uniimg/newgif.gif
397,"Datesheet of B.Voc, Semester-VI",unidata/univexaminations/Date Sheet B.Voc website.pdf,~/uniimg/newgif.gif
396,"Datesheet for Conduct of Examinaation for Pre- Ph.D. Course work,Batch-2020, Department of Civil Engineering",unidata/univexaminations/Pre PhD Date Sheet CE.pdf,~/uniimg/newgif.gif
394,"Revised Datesheet for B.Tech, Semester-II (Lab Examination, Old Course)",unidata/univexaminations/1623588459705_II-semOld course.pdf,~/uniimg/newgif.gif
393,"	
Revised Datesheet for B.Tech, Semester-II (Lab Examination)",unidata/univexaminations/1623588313526_II-semNew Course.pdf,~/uniimg/newgif.gif
392,"Datesheet for B.Tech, Semester-II (Lab Examination, Old Course)",unidata/univexaminations/II-semOld course.pdf,~/uniimg/newgif.gif
391,"Datesheet for B.Tech, Semester-II (Lab Examination)",unidata/univexaminations/II-semNew Course.pdf,~/uniimg/newgif.gif
390,"Datesheet of B.Tech, Semester-II (Backlog, Old Course)",unidata/univexaminations/Date Sheet B.Tech Semester II Backlog Old Course MCQs based Online Exam June 2021.pdf,~/uniimg/newgif.gif
389,"Date Sheet for Even Semester Examination,June 2021 MCS 4th and 2nd Semester (Regular & Backlog), Examination (Theory)",unidata/univexaminations/Datesheet june 2021 (DCS).pdf,~/uniimg/newgif.gif
388,"Datesheet for M.A. Economics, Semester-IV",unidata/univexaminations/Date Sheet MA  Economics 4m june 2021 pdf.pdf,~/uniimg/newgif.gif
387,"Datesheet for M.A. Urdu, Semester-IV",unidata/univexaminations/0_IMG-20210603-WA0007.pdf,~/uniimg/newgif.gif
386,"Datesheet for MBA,4th Semester and BBA-IVth and VIth Semester",unidata/univexaminations/Date Sheet Notification.pdf,~/uniimg/newgif.gif
385,"Date Sheet for M.A.  Arabic and B.A. Arabic(Hons), Semester-IV and Semester VI  ",unidata/univexaminations/Date Sheet for MA and BA (Hons) Examinations 2021.pdf,~/uniimg/newgif.gif
384,"Revised Date Sheet of B.Tech./BE (4, 6 & 8) semester ",unidata/univexaminations/Revised Combined Datesheet-R6.pdf,~/uniimg/newgif.gif
383,"Datesheet for M.A. Islamic Studies, Semester-IV",unidata/univexaminations/CamScanner 06-01-2021 10.25.08_1.pdf,~/uniimg/newgif.gif
382,Date Sheet for M.A Urdu 4th Semester 2021(June),unidata/univexaminations/20210531_173012.pdf,~/uniimg/newgif.gif
381,"Date Sheet for the conduct of MCQs based online theory Examination of M.A English, 4th Semester",unidata/univexaminations/Datesheet of English 4th semster 21.pdf,~/uniimg/newgif.gif
380,"Datesheet for Conduct of Examinaation for Pre- Ph.D. Course work,Batch-2020, Department of Economics",unidata/univexaminations/ecods.pdf,~/uniimg/newgif.gif
379,"Date Sheet for Conduct of Online Theory Examinations (Regular & Backlog) of B.Ed, M.Ed  & M.A (Edu) 4th Semester Examination to be held in June 2021",unidata/univexaminations/date sheet education june 2021.pdf,~/uniimg/newgif.gif
378,"Datesheet for Conduct of Examinaation for Pre- Ph.D. Course work,Batch-2020, Department of Information Technology",unidata/univexaminations/Datesheet Pre-Ph.D. May 2021.pdf,~/uniimg/newgif.gif
377,"Open PhD Viva Voce Notification of Miss Sabeeha Mufti, Department of Management. ",unidata/univexaminations/SAVE_20210429_211047(1).pdf,~/uniimg/newgif.gif
376,"Open PhD Viva Voce Notification of Miss Sabeeha Mufti, Department of Management. ",unidata/univexaminations/SAVE_20210429_211047(1).pdf,~/uniimg/newgif.gif
375,"Online PhD Viva Voce Notification of Mr. Mohd Farooq, Department of Arabic",unidata/univexaminations/Ph D Viva Arabic.pdf,~/uniimg/newgif.gif
374,"Datesheet for M.Sc. Microbiology, Semester-I",unidata/univexaminations/First sem Microbiology1.pdf,~/uniimg/newgif.gif
373,"Datesheet for M.Sc. Zoology, Semester-I",unidata/univexaminations/first sem Zoologysem1.pdf,~/uniimg/newgif.gif
372,"DateSheet of B.Tech, Semester IV,VI and VIII, Sessional-I",unidata/univexaminations/B.Tech Sessional I Date Sheet.pdf,~/uniimg/newgif.gif
371,"Notice of Open Viva-Voce of Ms. Firasth Nabi, Research Scholar in the Department of Computer Sciences",unidata/univexaminations/Firasat final Viva Notification -2020.pdf,~/uniimg/newgif.gif
370,Notice regarding pre submission presentation of Ph.D. thesis,unidata/univexaminations/CamScanner 03-18-2021 14.53.11.pdf,~/uniimg/newgif.gif
369,"Datesheet for MBA,3rd Semester (Backlog)",unidata/univexaminations/DSMBABACK.pdf,~/uniimg/newgif.gif
368,"Datesheet for M.Sc. Mathematics (Morning, Evening) and M.Sc. Mathematics (Specialization: Applied Mathematics), Semester-I",unidata/univexaminations/date sheet 2021 first sem.pdf,~/uniimg/newgif.gif
367,"Postponement of PhD Viva-Voce of Mr. Vinay Kumar, School of Management Studies ",unidata/univexaminations/vinay.pdf,~/uniimg/newgif.gif
366,Revised Date Sheet for BSc Nursing 1st Year,unidata/univexaminations/nurdt.pdf,~/uniimg/newgif.gif
365,"Notice regarding Open Viva-Voce of Mr. Vinay Kumar, Research Scholar in the School of Management Studies",unidata/univexaminations/vinay.pdf,~/uniimg/newgif.gif
364,"Revised Date Sheet for B.Voc 1st Semester (Regular and Backlog) ",unidata/univexaminations/Bvocres.pdf,~/uniimg/newgif.gif
363,"Date Sheet for M.Sc. Physics 1st Semester (Regular/Backlog), starting from 15th March, 2021.",unidata/univexaminations/Department of Physics date sheet.pdf,~/uniimg/newgif.gif
362,"Datesheet for B.VoC, Ist Semester Examination (Regular & Backlog), Session-March, 2021",unidata/univexaminations/date sheet BVOC.pdf,~/uniimg/newgif.gif
361,"Datesheet for M.A. Education, Ist Semester Examination (Regular & Backlog), Session-March, 2021",unidata/univexaminations/M.A Edu-1st semester Datesheet.pdf,~/uniimg/newgif.gif
360,"Datesheet for M.Ed Ist Semester Examination (Regular & Backlog), Session-March, 2021",unidata/univexaminations/M.Ed 1st sem Datesheet.pdf,~/uniimg/newgif.gif
359,"Datesheet for B.Ed Ist Semester Examination (Regular & Backlog), Session-March, 2021",unidata/univexaminations/B.Ed 1st sem datesheet.pdf,~/uniimg/newgif.gif
358,"Datesheet for Conduct of Theory Examination of Students of M.Sc. I.T., Semester-I (Regular & Backlog)",unidata/univexaminations/Date Sheet First Sem March 2021.pdf,~/uniimg/newgif.gif
357,"	
Datesheet for Conduct of Theory/Practical Examination of Students of M.Sc. Environmental Sciences, Semester-I",unidata/univexaminations/evsds.pdf,~/uniimg/newgif.gif
356,"Revised Datesheet for B.Sc. Nursing,2nd Year for College of Nursing Rajouri,Jammu and Kishtwar",unidata/univexaminations/IMG-20210301-WA0010.pdf,~/uniimg/newgif.gif
355,"Date sheet for B.Tech,Lab Examination(CE/ECE/EE/ITE/CSE(Regular/Backlog), Semester-I",unidata/univexaminations/Datesheet-L-B.Tech-I-Seme-21.pdf,~/uniimg/newgif.gif
354,"Date sheet for B.Tech. (CE/ECE/EE/ITE/CSE(Regular/Backlog), Semester-I",unidata/univexaminations/Datesheet-T-B.Tech-I-Seme-21.pdf,~/uniimg/newgif.gif
353,"Change in Exam Timing for MBA & BBA,Semester-I Examination Scheduled on 01 March,2021",unidata/univexaminations/mbaexam prepone.pdf,~/uniimg/newgif.gif
352,"Datesheet for Conduct of Theory Examination of Students of MBAHTM, Semester-I",unidata/univexaminations/MBAHTM-20212602.pdf,~/uniimg/newgif.gif
351,"Datesheet for Conduct of Theory/Practical Examination of Students of Diploma in Food and Beverage Services, Semester-I ",unidata/univexaminations/DFB2622021.pdf,~/uniimg/newgif.gif
350,"Datesheet for Conduct of Theory Examination of Students of MCA, Semester-I (Regular)
",unidata/univexaminations/Datesheet MCA.pdf,~/uniimg/newgif.gif
349,"Datesheet for Conduct of Theory Examination of Students of M.A. English, Semester-I (Regular & Backlog)",unidata/univexaminations/english  1st sem Datesheet 2021 - Copy.pdf,~/uniimg/newgif.gif
348,"	
Datesheet for Conduct of Theory Examination of Students of B.A. Arabic (Hons.) & M.A. Arabic,Semester-I (Regular & Backlog)",unidata/univexaminations/202125datesheetarabic.pdf,~/uniimg/newgif.gif
347,"Datesheet for Conduct of Theory Examination of Students of M.A. Economics, Semester-I (Regular & Backlog)",unidata/univexaminations/DatesheetEco.pdf,~/uniimg/newgif.gif
346,"Datesheet for Conduct of Theory Examination of Students of M.A. Islamic Studies,Semester-I (Regular)",unidata/univexaminations/1614086294768_IMG-20210223-WA0012.pdf,~/uniimg/newgif.gif
345,"Datesheet for Conduct of Theory Examination of Students of M.A. Urdu,Semester-I (Regular & Backlog)",unidata/univexaminations/Adobe Scan 23-Feb-2021.pdf,~/uniimg/newgif.gif
343,"Datesheet for Conduct of Theory Examination of Students of MBA,Semester-I (Regular & Backlog)",unidata/univexaminations/MBA1-2021.pdf,~/uniimg/newgif.gif
342,"Datesheet for Conduct of Theory Examination of Students of BBA,Semester-I (Regular & Backlog)",unidata/univexaminations/BBA1-2021.pdf,~/uniimg/newgif.gif
341,Date-sheet of M.Sc. Physics- 4th Semester Backlog (REVISED),unidata/univexaminations/Date-sheet of M.Sc. Physics- 4th Semester Backlog.pdf,~/uniimg/newgif.gif
339,"Datesheet of B.Tech, Semester-III & Semester-V (Backlog)",unidata/univexaminations/New Doc 2021-01-22 17.16.55.pdf,~/uniimg/newgif.gif
338,Instruction for candidates appearing in B.Tech. / B.E Odd Semesters Exam Jan-Feb 2021,unidata/univexaminations/Instruction for candidates appearing in B.Tech. B.E Exam Jan-Feb 2021.pdf,~/uniimg/newgif.gif
337,"Revised Datesheet for B.Sc. Nursing, 3rd Year",unidata/univexaminations/Revised Datesheet of B.Sc. Nursing -3rd Year Exam held in Feb. 2021.pdf,~/uniimg/newgif.gif
336,Date Sheet B.Tech. Semester VI  Lab. Exam. (Batch 2012-2016),unidata/univexaminations/Date Sheet B.Tech. Semester VI University Lab. Exam.pdf,~/uniimg/newgif.gif
335,Date Sheet B.Tech./B.E. Evening (Civil) Semester IV Lab. Exam (Batch 2012-2016),unidata/univexaminations/Date Sheet B.Tech. Semester IV University Lab. Exam.pdf,~/uniimg/newgif.gif
334,"Date Sheet B.Tech. Semester II, Lab Exam (Batch-2012 to 2016)",unidata/univexaminations/Date Sheet B.Tech. Semester II University Lab. Exam..pdf,~/uniimg/newgif.gif
333,"Date Sheet B.Tech,Semester I (Old Course, Backlog)",unidata/univexaminations/Date Sheet B.Tech. Semester I Old Course Backlog Exam. Jan-Feb 2021.pdf,~/uniimg/newgif.gif
332,"Datesheet of M.Sc. Physics, Semester-III",unidata/univexaminations/Datesheet of M.Sc. Physics 3rd Semester Jan. 2021.pdf,~/uniimg/newgif.gif
330,"Datesheet of B.Tech, B.E. Evening (Regular/Backlog), Semester-III",unidata/univexaminations/Date Sheet B.Tech. and B.E. Semester - III Regular and Backlog Exam. Jan-Feb 2021.pdf,~/uniimg/newgif.gif
326,"Datesheet of B.Tech, B.E. Evening (Regular/Backlog), Semester-VII",unidata/univexaminations/Date Sheet B.Tech. and B.E. Semester - VII Regular and Backlog Exam. Jan-Feb 2021.pdf,~/uniimg/newgif.gif
325,"Datesheet of B.Tech, B.E. Evening (Regular/Backlog), Semester-V",unidata/univexaminations/Date Sheet B.Tech. and B.E. Semester - V Regular and Backlog Exam. Jan-Feb 2021.pdf,~/uniimg/newgif.gif
322,"Datesheet for M.Sc. Biotechnology, Semester-III",unidata/univexaminations/CamScanner 01-08-2021 22.47.11.pdf,~/uniimg/newgif.gif
321,"Datesheet for M.Sc. Microbiology, Semester-III",unidata/univexaminations/CamScanner 01-08-2021 22.45.54.pdf,~/uniimg/newgif.gif
320,"Datesheet for M.Sc. Zoology, semester-III",unidata/univexaminations/CamScanner 01-08-2021 22.44.57.pdf,~/uniimg/newgif.gif
319,"Examination Date for Zol-M.Phil.-03 ,titled Animal Biotechnology for M.Phil. in Zoology, Semester-I",unidata/univexaminations/CamScanner 01-08-2021 22.43.48.pdf,~/uniimg/newgif.gif
318,"Date-Sheet of Diploma Engineering (Practical Examinations) Semester III, JAN-2021",unidata/univexaminations/DSDEIII.pdf,~/uniimg/newgif.gif
317,"Date-Sheet of Diploma Engineering (Practical Examinations) Semester V, JAN-2021",unidata/univexaminations/DSDEPV.pdf,~/uniimg/newgif.gif
316,Datesheet B.Tech B.E Semester-V Regular and Backlog,unidata/univexaminations/Datesheet B.Tech B.E Semester-V Regular and Backlog.pdf,~/uniimg/newgif.gif
315,"Datesheet B.Tech B.E Semester-III Regular and Backlog ",unidata/univexaminations/Datesheet B.Tech B.E Semester-III Regular and Backlog .pdf,~/uniimg/newgif.gif
314,Datesheet B.Tech B.E Semester VII Regular and Backlog,unidata/univexaminations/Datesheet B.Tech B.E Semester VII Regular and Backlog.pdf,~/uniimg/newgif.gif
313,Datesheet of B.Voc Exam Held in Jan. 2021,unidata/univexaminations/Datesheet of B.Voc Exam Held in Jan. 2021.pdf,~/uniimg/newgif.gif
312,Date Sheet of M.Sc. Mathematics & Applied Exam held in Jan. 2021,unidata/univexaminations/Date Sheetof M.Sc. Mathematics & Applied Exam held in Jan. 2021.pdf,~/uniimg/newgif.gif
311,Datesheet of B.A (Hons. ) Arabic Exam held in Jan. 2021,unidata/univexaminations/Datesheet of B.A (Hons. ) Arabic Exam held in Jan. 2021.pdf,~/uniimg/newgif.gif
310,Datesheet of M.A English Exam Held in Jan. 2021,unidata/univexaminations/Datesheet of M.A English Exam Held in Jan. 2021.pdf,~/uniimg/newgif.gif
309,Datesheet of M.A. Arabic Exam Held in Jan. 2021,unidata/univexaminations/Datesheet of M.A.Arabic Exam Held in Jan. 2021.pdf,~/uniimg/newgif.gif
308,Datesheet of M.A. Islamic Exam Held in Jan. 2021,unidata/univexaminations/Datesheet of M.A.Islamic Exam Held in Jan. 2021.pdf,~/uniimg/newgif.gif
307,Datesheet of M.Sc. IT Exam Held in Jan. 2021,unidata/univexaminations/Datesheet of M.Sc. IT Exam Held in Jan. 2021.pdf,~/uniimg/newgif.gif
306,Datesheet of M.A. Urdu Exam Held in Jan. 2021,unidata/univexaminations/Datesheet of M.A.Urdu Exam Held in Jan. 2021.pdf,~/uniimg/newgif.gif
305,Datesheet of MBAHTM Exam Held in Jan. 2021,unidata/univexaminations/Datesheet of MBAHTM Exam Held in Jan. 2021.pdf,~/uniimg/newgif.gif
304,Date Sheet for Theory and Laboratory Examination of M.Sc. Botany Semester-III,unidata/univexaminations/M.Sc. Botany Semester-III.pdf,~/uniimg/newgif.gif
303,Date Sheet for Theory Examination of MBA Semester-III,unidata/univexaminations/MBA Semester-III.pdf,~/uniimg/newgif.gif
302,Date Sheet for Theory Examination of M.Ed. Semester-III,unidata/univexaminations/M.Ed. Semester-III.pdf,~/uniimg/newgif.gif
301,Date Sheet for Theory Examination of BBA Semesters III & V.pdf,unidata/univexaminations/BBA Semesters III & V.pdf,~/uniimg/newgif.gif
300,Date Sheet for Theory Examination of M.A. Education Semester-III,unidata/univexaminations/M.A. Education Semester-III.pdf,~/uniimg/newgif.gif
299,Date Sheet for Theory Examination of M.A. Economics Semester-III,unidata/univexaminations/M.A. Economics Semester-III.pdf,~/uniimg/newgif.gif
290,"Theory Examination of B.Sc. Nursing 3rd, 2nd and 1st Year Stand Postponed.",unidata/univexaminations/CamScanner 12-22-2020 13.29.45_1.pdf,~/uniimg/newgif.gif
289,"Backlog Datesheet for M.Sc. Computer Science,IInd Semester (Batch-2018)",unidata/univexaminations/IMG-20201221-WA0008.pdf,~/uniimg/newgif.gif
287,"Date sheet for B.Sc. Nursing-1st, 2nd & 3rd Year. Examination",unidata/univexaminations/Date sheets of B.ScNursing-1st 2nd & 3rd YearExam held in Dec Jan 20202021.pdf,~/uniimg/newgif.gif
286,"Instructions for the Candidates appearing in
Online UG, PG & Diploma Engineering (Backlog) Examinations
December, 2020 amid COVID-19 pandemic",unidata/univexaminations/Instructions_for_the_Candidates_for_Online_Examinations.pdf,~/uniimg/newgif.gif
285,"Datesheet for B.Sc. Nursing,4th Year  Examination",unidata/univexaminations/0_IMG-20201207-WA0000 (1).pdf,~/uniimg/newgif.gif
284,"	
Datesheet for 6th Semester,Diploma in Engineering, Backlog",unidata/univexaminations/WhatsApp Image 2020-12-05 at 17.55.41.pdf,~/uniimg/newgif.gif
283,"Datesheet for 4th Semester,Diploma in Engineering, Backlog",unidata/univexaminations/dip2.pdf,~/uniimg/newgif.gif
282,"Datesheet for 2nd Semester,Diploma in Engineering, Backlog",unidata/univexaminations/dip.pdf,~/uniimg/newgif.gif
281,"Datesheet of  MBA & BBA( Backlog 4th and 6th ) ",unidata/univexaminations/Datesheet of  MB back.pdf,~/uniimg/newgif.gif
279,Datesheet of M.Sc. Physics 4th Semester ( Backlog exam ),unidata/univexaminations/Datesheet of M.Sc. Physics 4th Semester ( Backlog exam held in Dec . 2020).pdf,~/uniimg/newgif.gif
278,Datesheet of M.Sc. Mathematics & Applied 2nd & 4th Semesters  (Backlog Exam),unidata/univexaminations/Datesheet of M.Sc. Mathematics & Applied 2nd & 4th Semesters  (Backlog Exam held in Dec. 2020).pdf,~/uniimg/newgif.gif
277,Datesheet of M.Sc. IT 2nd Semester (Backlog exam ),unidata/univexaminations/Datesheet of M.Sc. IT 2nd Semester (Backlog exam held in Dec 2020).pdf,~/uniimg/newgif.gif
276,Datesheet of M.A. English 2nd & 4th Semesters ( Backlog),unidata/univexaminations/Datesheet of M.A. English 2nd & 4th Semesters ( Backlog Exam held in Dec. 2020).pdf,~/uniimg/newgif.gif
275,Datesheet of M.A. Economics 2nd & 4th Semester ( Backlog Exam),unidata/univexaminations/Datesheet of M.A. Economics 2nd & 4th Semester ( Backlog Exam held in Dec. 2020).pdf,~/uniimg/newgif.gif
274,Datesheet of B.Ed & M.Ed 2nd Semester ( Backlog exam),unidata/univexaminations/Datesheet of B.Ed & M.Ed 2nd Semester ( Backlog exam held in Dec. 2020).pdf,~/uniimg/newgif.gif
273,"Datesheet of B.A Arabic, M.A. Arabic, M.A. Islamic Studies & M. A. Urdu (2nd  4th & 6th Semester) (Backlog exam )",unidata/univexaminations/Datesheet of B.A Arabic M.A. Arabic M.A. Islamic & M. A. Urdu (2nd  4th & 6th Semester) (Backlog exam held in Dec. 2020).pdf,~/uniimg/newgif.gif
272,Datasheet of M.Sc. Computer Science 2nd Semester ( Backlog exam),unidata/univexaminations/Datasheet of M.Sc. Computer Science 2nd Semester ( Backlog exam held in Dec. 2020).pdf,~/uniimg/newgif.gif
271,"Rescheduled Examination Notification for MBA-HTM, Semester-IV",unidata/univexaminations/CamScanner 12-02-2020 14.06.03.pdf,~/uniimg/newgif.gif
270,Datesheet for B.Tech Backlog Examination for Semester VI and Semester-VIII (,unidata/univexaminations/Date Sheets B.Tech. Semester VI and VIII Backlog Exam. Nov. 2020.pdf,~/uniimg/newgif.gif
269,"Instructions for the Candidates appearing in
Online B.Tech./B.E. End-of-Semesters II, IV, VI and VIII (Backlog)  Examinations November, 2020 amid COVID-19 pandemic
",unidata/univexaminations/Instructions_for_the_Candidates_for_Online_Examinations back.pdf,~/uniimg/newgif.gif
268,"Datesheet for B.Tech/B.E. (Backlog,For batches 2013 to 2016 and 2012(Mercy Chance)) for students of Semester-II,IV,VI and VIII",unidata/univexaminations/Date Sheets B.Tech. Semesters II IV VI and VIII Nov. 2020.pdf,~/uniimg/newgif.gif
267,Datesheet of M.Phil in Economics Semester 1st (Backlog),unidata/univexaminations/MPE.pdf,~/uniimg/newgif.gif
266,Datesheet of M.Phil in Management Semester 1st (Backlog) (1),unidata/univexaminations/MPM.pdf,~/uniimg/newgif.gif
265,Rescheduled Date of Examination for M.Ed-413,unidata/univexaminations/09-23-2020-12.17.39.pdf,~/uniimg/newgif.gif
264,"	
Date Sheet of B.Sc. Nursing for Supplementary Exams,Ist,IInd and IIIrd Year",unidata/univexaminations/DSI II II.pdf,~/uniimg/newgif.gif
262,"Date Sheet of Diploma in Travel and Tourism Management, Semester -II ",unidata/univexaminations/Date Sheet of Diploma in Travel and Tourism Management Semester -II Sept 04 2020.pdf,~/uniimg/newgif.gif
261,"Date Sheet for Conduct of Online University Examination of Diploma Engineering Courses,Semester-VI",unidata/univexaminations/CamScanner 08-22-2020 10.54.10_1.pdf,~/uniimg/newgif.gif
260,Datesheet of M.Ed- 4th Semester August 2020,unidata/univexaminations/MEd.pdf,~/uniimg/newgif.gif
259,Datesheet of B.Ed- 4th Semester August 2020,unidata/univexaminations/BEd.pdf,~/uniimg/newgif.gif
258,"Instructions for Candidates appearing in Online Examinations August-September, 2020 amid COVID-19 Pandemic",unidata/univexaminations/Instructions for online exams.pdf,~/uniimg/newgif.gif
257,Datesheet of MCA & M.Sc. Computer Science-4th Semester August 2020,unidata/univexaminations/MCAMCS.pdf,~/uniimg/newgif.gif
256,"Datesheet of MBAHTM-4th Semester, August 2020",unidata/univexaminations/MBAHTM.pdf,~/uniimg/newgif.gif
255,Datesheet of MBA-4th Semester August 2020,unidata/univexaminations/MBAa.pdf,~/uniimg/newgif.gif
254,"Datesheet of M.Sc. Zoology- 4th Semester Aug, 2020",unidata/univexaminations/Zoologya.pdf,~/uniimg/newgif.gif
253,"Datesheet of M.SC. Math & Applied, 4th Semester, Aug. 2020",unidata/univexaminations/Matha.pdf,~/uniimg/newgif.gif
252,"Datesheet of M.Sc. Microbiology- 4th Semester, August,2020",unidata/univexaminations/Microa.pdf,~/uniimg/newgif.gif
251,Datesheet of M.SC. Physics- 4th Semester August 2020,unidata/univexaminations/Physicsa.pdf,~/uniimg/newgif.gif
250,"Datesheet of M.A.Urdu- 4th Semester, August 2020",unidata/univexaminations/Urdua.pdf,~/uniimg/newgif.gif
249,"Datesheet of M.A.Economics-4th Semester, August 2020",unidata/univexaminations/Economicsa.pdf,~/uniimg/newgif.gif
248,Datesheet of M.A .Arabic & B.A Arabic August 2020,unidata/univexaminations/Arabica.pdf,~/uniimg/newgif.gif
247,Datesheet of M.A. Islamic 4th Semester August 2020,unidata/univexaminations/Islamica.pdf,~/uniimg/newgif.gif
246,Datesheet f Botany -4th Semester August 2020,unidata/univexaminations/Botanya.pdf,~/uniimg/newgif.gif
245,Datesheet of BBA- 6th Semester August 2020,unidata/univexaminations/BBA.pdf,~/uniimg/newgif.gif
244,"Datesheet of M.A. English- 4th Semester , Sep. 2020",unidata/univexaminations/English.pdf,~/uniimg/newgif.gif
243,Datesheet B.Tech B.E Semester-VIII (Regular) August 2020,unidata/univexaminations/Datesheet B.TechBE.pdf,~/uniimg/newgif.gif
242,Instructions for filling Backlog Examination Form,unidata/univexaminations/Instructions For Filling Backlog Examination Form.pdf,~/uniimg/newgif.gif
241,Examination form for Backlog students,unidata/univexaminations/Examination Form for Backloggers.pdf,~/uniimg/newgif.gif
240,Date Sheet for Conduct of Viva-Voce on Major Project Diploma Engg. Sem-VI (Regular) July 2020,unidata/univexaminations/Date Sheet Diploma Engg. Sem-VI  (Regular).pdf,~/uniimg/newgif.gif
239,Date Sheet viva voce of Major Project Phase-II of B. Tech ITE Semester-VIII,unidata/univexaminations/5.pdf,~/uniimg/newgif.gif
238,Date Sheet viva voce of Major Project Phase-II of B. Tech CE Semester-VIII,unidata/univexaminations/4.pdf,~/uniimg/newgif.gif
237,Date Sheet viva voce of Major Project Phase-II of B. Tech EE Semester-VIII,unidata/univexaminations/3.pdf,~/uniimg/newgif.gif
